"","V1","ResponseId","PROLIFIC_PID","Q_RecaptchaScore","Duration (in seconds)","q1","q2","q3","q4","q5","q6","q7","q8","q9","q10","q11","q12","attn","q13","q14","q15","q16","q17","q18","q19","q20","q21","q22","q23","q24","q25","q26","q27","q28","q29","q30","q31","q32","q33","q34","q35","q36","q37","q38","q39","q40","q41","q42","q43","q44","q45","age","gid1","gid2","race","hispanic","ed","sud_hx"
"1",1,"R_1N4ZpKXaDvvU2x8","610301137498dc46e622b491",0.899999976158142,265,5,5,5,5,5,5,5,5,5,5,3,4,1,4,5,4,5,5,5,5,5,5,5,5,5,5,5,5,5,5,5,5,5,2,3,2,4,5,5,2,3,2,3,5,3,5,22,"Woman","Yes","White",NA,"Bachelor’s Degree","No"
"2",2,"R_1j9fIVmd2yNugMZ","5dc1cd625fd2031344dfe43d",0.899999976158142,290,2,5,5,4,5,4,1,1,5,4,3,4,1,3,4,2,1,3,1,2,5,3,1,5,1,1,4,1,4,4,1,1,2,4,3,4,1,1,1,1,4,2,5,5,3,4,61,"Man","Yes","White","No","Bachelor’s Degree","No"
"3",3,"R_5aSftvK8O96PC7f","63bf3247bf3b5ebd734157ee",0.800000011920929,393,1,4,4,3,4,1,2,1,5,4,4,3,1,NA,2,2,1,1,1,1,4,1,3,4,3,2,2,4,4,4,4,4,4,1,5,5,1,2,1,5,5,3,5,3,3,4,63,"Woman","Yes","White","No","Associate’s Degree","No"
"4",4,"R_12Jh41bZPdDF2eR","5d1bec8c25b3fc0001a754f9",0.899999976158142,204,5,5,5,5,5,5,5,5,5,5,1,5,1,5,5,5,5,3,5,5,5,5,5,5,5,5,5,5,1,5,5,5,5,5,1,1,5,5,3,1,5,1,4,5,4,4,35,"Man","Yes","White",NA,"Bachelor’s Degree","No"
"5",5,"R_31FpLlMqNAEHONJ","634694a1401b066cb71e4c82",0.899999976158142,340,2,5,5,4,5,4,1,1,4,3,3,4,1,NA,4,2,2,4,1,1,4,3,2,3,1,1,3,3,5,3,3,4,4,1,3,2,2,3,1,4,4,3,4,4,2,3,33,"Woman","Yes","White","No","High School","No"
"6",6,"R_VXoUY4ARyo9hiKd","6344e676138c37d41771acd0",0.899999976158142,329,5,4,5,5,5,5,5,5,5,5,3,4,1,2,3,4,4,4,5,5,5,5,5,4,3,3,4,5,5,5,3,3,5,4,2,2,5,3,3,3,4,2,2,5,3,5,35,"Man","Yes","White","No","Bachelor’s Degree","No"
"7",7,"R_2638VAPcK5Kmf1g","63dc33d345000eaa86ba094d",0.800000011920929,529,3,5,5,5,5,5,5,4,4,4,3,4,1,3,5,2,2,2,2,4,4,3,4,4,3,3,5,4,5,4,3,3,3,2,2,3,2,5,2,4,4,2,4,4,3,4,27,"Man","Yes","White","No","Bachelor’s Degree","No"
"8",8,"R_1dMpKZjgtJfGEVm","612b1caa2df749badddc6f7a",0.800000011920929,447,3,3,3,3,3,3,2,2,4,4,3,3,1,2,3,2,2,3,2,2,4,2,3,3,2,2,3,3,3,4,4,4,4,2,3,3,2,4,1,4,4,2,4,3,2,3,52,"Man","Yes","White","No","High School","Yes"
"9",9,"R_28MRO7xWOANxKte","6021522cc0eec00d2e4ab6c7",0.800000011920929,245,4,4,4,4,4,4,4,4,4,4,3,4,1,3,4,3,4,4,4,4,4,4,4,4,4,4,4,4,4,4,4,4,3,4,2,2,4,4,3,2,3,2,2,4,3,4,33,"Non-Binary, Agender, or Other","Yes","White","No","High School","No"
"10",10,"R_1BRA3g6MDtXbTwI","6064a0185b9ce0ca98b5e791",0.899999976158142,1094,3,5,4,4,5,5,3,1,5,NA,1,5,1,NA,5,4,5,5,3,1,5,1,5,5,3,5,1,5,5,5,3,4,1,1,2,3,1,5,1,4,4,1,5,4,1,5,39,"Woman","Yes","Black or African American","No","Professional Degree (J.D., M.D., etc.)","No"
"11",11,"R_3noxc2KEQmN7wjC","5d531dbf8c48ca00018560a7",0.899999976158142,346,3,5,4,3,4,4,3,3,4,5,2,3,1,3,4,2,4,3,3,3,5,4,4,3,1,1,4,4,5,5,3,3,5,3,1,2,4,3,2,2,3,1,4,5,4,4,40,"Woman","Yes","Asian or Asian American","No","Bachelor’s Degree","No"
"12",12,"R_1DA1ZADWJ01Sfco","5f9803e732d857040c277dd9",0.899999976158142,223,4,5,4,3,4,5,4,3,NA,4,2,4,1,3,5,5,4,5,5,3,3,4,4,4,NA,3,4,4,4,5,2,4,4,3,1,2,4,3,3,2,3,2,2,4,3,3,26,"Non-Binary, Agender, or Other","Prefer not to say","White","No","High School","No"
"13",13,"R_2fKgHwAJnhTaF7S","6501bdc07ec7d13f08561aaf",0.899999976158142,497,1,5,2,2,5,3,3,1,4,1,2,3,1,NA,1,1,1,1,1,3,4,1,1,3,1,1,1,3,4,4,1,4,2,1,4,4,1,3,1,1,3,1,5,3,4,2,32,"Woman","Yes","White","No","High School","No"
"14",14,"R_3hnpxLHGokdIOGG","63bc5668e856a67c2cd471de",0.899999976158142,170,4,5,3,3,3,5,4,4,4,4,1,3,1,4,4,2,2,4,4,3,4,4,4,5,5,5,4,4,4,4,3,4,4,4,3,1,4,5,3,4,4,1,4,4,5,4,32,"Woman","Yes","Asian or Asian American","No","Bachelor’s Degree","No"
"15",15,"R_2WOP8fYs6yjzdwJ","5ea70b0537c5170b90ece8ac",1,184,3,5,3,2,2,4,3,2,4,4,2,4,1,3,3,3,3,3,2,3,5,4,5,5,4,3,5,5,5,5,2,2,4,3,4,4,2,4,1,2,3,3,5,4,3,3,32,"Man","Yes","Latine or Hispanic","Yes","Master’s Degree","No"
"16",16,"R_31oNFieLgSCLX9X","610e0dc76d43ecb6fea93855",1,415,5,5,5,5,5,5,5,2,5,5,1,5,1,4,5,3,5,5,5,4,4,5,5,5,5,5,5,5,4,4,4,4,5,3,2,1,4,4,4,2,2,1,3,5,4,5,41,"Man","Yes","Latine or Hispanic","Yes","High School","Yes"
"17",17,"R_3HYSlEtbGQe3gOU","6108a18306b63543e21349de",0.899999976158142,369,4,5,4,5,5,5,4,2,5,4,4,4,1,NA,4,2,2,5,4,4,5,3,4,5,3,4,3,4,5,5,2,3,4,2,5,3,3,4,2,4,5,2,5,4,4,3,62,"Woman","Yes","White","No","High School","No"
"18",18,"R_8pkx3jfXKO8i6YN","631b485e2d1909111a6fb09a",0.100000001490116,406,4,5,1,1,2,4,5,4,4,5,4,4,1,2,5,2,1,2,5,4,5,4,3,5,2,2,5,4,4,3,4,4,3,2,5,1,3,4,3,4,5,1,3,3,1,5,32,"Man","Yes","White","No","Associate’s Degree","No"
"19",19,"R_2SxaHOpkvzqugZp","59ea2d5a7f3d71000171e0a9",1,209,5,5,5,5,5,5,5,5,5,5,2,5,1,4,5,4,4,4,5,5,3,4,5,5,5,5,4,5,5,5,4,4,5,3,2,2,3,5,3,2,2,2,3,4,4,5,33,"Woman","Yes","White","No","Bachelor’s Degree","No"
"20",20,"R_2xEtcEUFHEmmduX","63646a72e194364895584f5b",0.800000011920929,115,4,5,4,4,3,3,4,3,3,2,3,3,1,3,4,4,3,3,3,4,5,4,3,4,3,2,4,3,3,2,4,2,3,3,2,2,4,3,4,3,4,4,2,4,3,2,23,"Man","Yes","Latine or Hispanic","Yes","High School","No"
"21",21,"R_1QcjffQoBeckgLm","5c7f27279ab99a00164b7e53",0.899999976158142,200,5,5,5,5,5,5,5,4,5,5,4,5,1,5,4,5,5,5,5,5,5,5,5,5,5,5,4,4,4,5,5,1,4,5,NA,1,5,5,4,1,5,1,1,5,4,5,31,"Man","Yes","White","No","High School","Yes"
"22",22,"R_De3uazpIMMo6WpX","653913d2a261d24c68370845",1,1701,1,5,5,4,5,5,4,4,5,4,4,5,1,NA,4,4,2,5,2,4,4,2,5,5,4,3,1,5,5,5,4,5,4,1,4,1,1,3,1,1,3,1,5,4,5,5,42,"Woman","Yes","Latine or Hispanic","Yes","Associate’s Degree","No"
"23",23,"R_1ohkTNDKRJnp7oZ","6131ed11a918100d4f4a2452",0.800000011920929,261,4,5,4,4,4,5,4,4,3,4,2,4,1,3,4,4,3,3,3,2,4,4,4,4,4,4,4,5,4,4,3,5,4,3,3,3,2,4,3,3,4,2,4,4,4,3,23,"Woman","Yes","Multiracial","No","Associate’s Degree","No"
"24",24,"R_rlHBPTG3GYr73XP","63f328c923c7c511b2655fe1",0.899999976158142,234,5,5,5,5,5,5,5,5,5,5,4,5,1,3,5,5,5,5,5,5,5,5,5,3,1,1,5,5,5,5,5,5,5,3,1,3,3,5,3,3,3,1,5,5,1,5,41,"Woman","Yes","White","No","Bachelor’s Degree","No"
"25",25,"R_UbTYAQEH0mRzDZD","5ef04fa79a475604dcd8c489",1,183,3,5,5,5,5,4,4,3,5,4,2,5,1,4,5,3,4,2,3,3,5,3,4,4,3,3,3,4,5,3,3,3,5,2,2,2,2,4,2,2,2,2,4,4,2,4,25,"Man","Yes","Asian or Asian American","No","Bachelor’s Degree","No"
"26",26,"R_3NI3zW7eDVw67wR","5e46f51bc3298c1bf813a984",1,274,3,5,4,3,4,4,NA,3,4,3,4,2,1,2,5,4,3,3,4,4,4,3,4,4,4,4,4,4,4,4,4,4,4,4,4,3,4,4,2,4,2,3,3,4,4,3,25,"Man","Yes","Asian or Asian American","No","Bachelor’s Degree","No"
"27",27,"R_2SvhomqDc9z5lKd","5c511ead2423780001086a92",0.899999976158142,258,4,5,5,5,5,5,5,5,5,4,4,4,1,4,4,5,4,3,4,4,5,5,4,5,4,4,5,5,5,5,5,5,5,4,2,2,3,4,3,4,3,2,4,5,2,4,47,"Woman","Yes","Asian or Asian American","No","Bachelor’s Degree","Yes"
"28",28,"R_WdpexSUZCocMioF","6318affb97357f1be82596f3",0.899999976158142,215,5,5,5,5,5,5,5,5,5,5,4,5,1,5,5,4,4,4,4,3,5,4,5,4,4,2,4,4,4,4,5,5,5,2,1,2,2,4,2,2,2,2,3,4,4,5,NA,"Man","Yes","White","No","High School","Yes"
"29",29,"R_wSmEeVOKYrKLVPX","633b0a148c59e60d29652fda",0.899999976158142,224,1,5,5,4,5,2,1,1,5,4,2,5,1,2,5,4,1,1,1,1,5,1,4,5,1,1,5,4,4,5,2,2,4,1,4,4,1,3,1,5,5,4,4,5,2,5,38,"Man","Yes","White","No","High School","No"
"30",30,"R_3CKtJrOqeY6MxCb","613461a8b9035cf9b29ad84d",0.800000011920929,181,5,5,5,5,5,5,5,5,5,5,2,5,1,5,5,5,4,4,5,5,5,5,5,5,5,5,5,5,5,5,5,5,3,2,2,1,1,5,3,1,1,3,5,5,5,5,20,"Woman","No","White","No","High School","No"
"31",31,"R_2CdMfuvuq0S34FL","61017e504e37cdb6ad358058",1,212,5,5,5,5,5,5,5,5,5,4,4,4,1,3,5,3,4,4,5,5,5,5,5,5,5,5,5,5,5,5,5,5,5,3,4,1,4,5,2,2,4,3,4,5,5,5,21,"Non-Binary, Agender, or Other","No","White","No","High School","No"
"32",32,"R_vfpXTBFgJ51Rsxb","63e2e62c8158920782631eef",0.899999976158142,196,5,5,5,5,5,5,5,5,5,5,1,5,1,5,5,5,5,4,5,5,4,5,5,5,5,5,5,5,5,5,5,5,5,4,2,1,4,5,5,2,2,1,2,4,4,5,29,"Man","No","White","No","Bachelor’s Degree","No"
"33",33,"R_1PdeaYzxIoQ8CPw","5f1302787eb0132b224916fc",0.899999976158142,285,3,5,4,4,5,4,3,3,4,5,1,3,1,3,5,4,4,4,4,4,4,4,4,5,3,3,5,5,5,4,3,3,5,4,2,1,5,4,3,4,4,1,3,5,3,3,53,"Man","Yes","White","No","High School","Yes"
"34",34,"R_3kLeT8GgQskIZvf","577da3a2cd64f2000154baa4",1,345,2,3,3,3,3,2,2,1,4,2,4,4,1,NA,5,1,1,1,1,1,3,1,2,5,2,2,2,3,4,3,4,4,2,1,4,3,1,2,1,4,4,4,5,3,1,3,29,"Woman","Yes","White","No","Bachelor’s Degree","No"
"35",35,"R_0IlcjEy78WRW0rT","60bfd72cbf383d740b0d9b00",0.899999976158142,165,4,5,5,5,5,5,5,5,5,5,2,5,1,3,3,4,3,2,4,2,4,4,4,4,4,3,5,5,5,4,4,5,5,2,2,3,1,5,2,2,2,2,4,4,3,5,23,"Woman","Yes","White","No","High School","No"
"36",36,"R_9FGyMRB7wPFRP2N","6501b4d8bb17e98a15c0e33a",0.899999976158142,286,4,5,5,5,5,5,4,4,5,3,1,5,1,4,5,3,5,4,3,3,4,3,3,5,3,5,5,4,4,5,4,1,5,2,2,1,4,5,3,1,1,1,1,5,4,4,41,"Man","Yes","White","No","Bachelor’s Degree","Yes"
"37",37,"R_1myGHXEvEy3AQVf","5c5dce37fac6510001534800",0.899999976158142,200,4,5,4,4,5,4,4,3,4,2,2,4,1,4,5,5,4,3,3,3,4,3,5,NA,5,4,4,5,4,5,5,5,5,3,2,2,2,5,3,2,2,2,4,3,4,4,41,"Woman","Yes","White","No","Bachelor’s Degree","No"
"38",38,"R_1mFpGShuBO2IBzv","62d76f709faa1189cba646a6",1,247,3,5,1,1,4,4,3,3,4,3,4,4,1,3,1,4,1,3,2,3,1,4,4,5,4,4,4,5,4,4,5,5,4,4,4,1,5,3,2,3,4,1,3,5,2,1,30,"Man","Yes","White","No","High School","No"
"39",39,"R_3ikZZ86lvGmRs53","5d5b705b74428400019fbf5e",0.899999976158142,317,4,5,5,5,5,3,4,4,4,4,1,4,1,3,4,2,3,2,3,3,4,5,4,5,3,2,5,NA,4,5,4,5,4,2,2,2,4,2,2,2,2,1,3,5,1,4,27,"Woman","Yes","Asian or Asian American","No","Bachelor’s Degree","No"
"40",40,"R_2AFK0fYP53FtK0k","5c467385f608210001a4d8ee",0.800000011920929,334,3,3,3,4,4,2,2,2,3,4,3,4,1,5,5,2,4,3,3,3,4,4,3,3,1,2,4,4,4,4,2,3,4,3,3,2,3,3,2,4,4,2,3,4,3,2,26,"Man","Yes","Multiracial","No","Less than High School","No"
"41",41,"R_2CPVnK8cTOnw7MV","6411dbf67502e90181fd3e00",0.800000011920929,207,4,4,5,4,4,5,4,4,4,4,2,4,1,4,4,3,4,4,4,3,5,4,4,4,4,4,4,4,4,5,3,3,4,4,1,2,4,4,4,4,2,1,3,5,4,3,26,"Man","Yes","White","No","Bachelor’s Degree","No"
"42",42,"R_241X2zutHER5idM","648426a5521986be845e63f0",0.899999976158142,502,4,5,4,4,4,5,4,3,5,3,4,5,1,4,4,1,4,2,4,2,5,3,4,5,4,5,4,4,4,4,3,5,5,1,4,1,2,3,2,5,4,1,2,4,4,3,26,"Non-Binary, Agender, or Other","No","White","No","High School","Yes"
"43",43,"R_3f1Uj2QKqw2gWTD","6282571cf39cd89341a474e9",0.899999976158142,573,2,5,5,5,4,3,4,3,5,3,3,2,1,3,4,2,3,5,3,3,4,5,3,5,5,1,5,5,3,4,3,3,3,4,1,1,4,3,3,3,3,1,1,4,2,3,21,"Man","No","Latine or Hispanic","Yes","High School","I don’t know"
"44",44,"R_1ovADzfOM8wN1eS","5d617ba9364f9a0019f1dac3",0.899999976158142,195,5,5,5,5,5,5,5,4,5,5,4,5,1,4,5,5,4,4,4,5,5,4,5,5,4,3,5,5,5,5,4,5,5,2,3,2,4,5,2,1,3,2,4,5,5,5,37,"Non-Binary, Agender, or Other","No","Asian or Asian American","No","Associate’s Degree","No"
"45",45,"R_3s6ScRNIKecZWfC","63d3fc7247de3a294210f9c7",1,254,4,5,5,5,5,4,3,2,5,5,2,4,1,2,5,2,5,5,3,2,4,3,4,5,3,2,5,4,5,4,4,4,4,4,2,1,4,4,3,2,2,2,2,5,2,4,37,"Man","Yes","Latine or Hispanic","Yes","Bachelor’s Degree","No"
"46",46,"R_2roc7YxRY5TPWsO","61037b5aa4c424921a47d329",0.899999976158142,542,5,5,4,4,4,5,5,5,5,5,1,5,1,5,5,5,5,5,5,5,4,5,5,5,5,3,5,5,5,5,4,5,5,4,2,3,3,5,4,1,2,1,4,5,4,4,25,"Woman","Yes","White","No","High School","No"
"47",47,"R_2Yt5ajTS1il86fY","5ee170353bcc94199e926a7e",0.899999976158142,312,4,5,4,4,4,5,5,4,5,5,5,4,1,5,4,4,3,2,4,4,5,5,5,5,4,5,4,3,4,4,2,3,5,2,4,3,3,5,3,2,2,2,3,4,2,4,27,"Man","Yes","Asian or Asian American","No","Bachelor’s Degree","No"
"48",48,"R_3hE09YHiPZiQQLQ","653820040ec47cf201219fe2",0.899999976158142,654,4,5,4,4,5,5,4,4,5,5,2,4,1,2,4,3,2,3,4,4,5,4,5,4,3,3,4,5,4,4,4,4,4,2,2,2,4,3,3,2,2,1,4,4,4,2,55,"Woman","Yes","White","No","Other option not represented here","No"
"49",49,"R_3RgDRz8IaJIOGsq","5cf5c14bada72300156a4521",0.800000011920929,397,5,5,5,5,5,5,5,5,5,5,1,4,1,5,5,5,5,4,5,5,5,4,5,5,5,4,5,5,4,5,4,4,5,3,2,1,2,5,3,2,2,1,2,5,3,4,28,"Man","Yes","White","No","Bachelor’s Degree","No"
"50",50,"R_1mRvLqOjWnN7xfG","608db0d33c7ffc2af3600478",0.800000011920929,204,4,5,4,4,4,4,4,4,5,4,3,4,1,2,4,3,4,3,4,4,5,4,3,5,5,4,4,4,5,4,4,4,5,2,3,3,3,4,3,4,4,3,4,4,4,4,35,"Man","Yes","Asian or Asian American","No","Bachelor’s Degree","No"
"51",51,"R_2qjXzQ4fTgUO96c","56b395fa2bac74000d89c16f",1,265,4,5,5,4,5,4,4,4,4,1,2,5,1,3,4,3,3,1,3,3,5,4,3,4,3,3,3,4,5,5,3,3,5,1,3,3,2,5,1,3,3,3,4,5,2,3,31,"Man","Yes","White","No","Associate’s Degree","No"
"52",52,"R_2dK16ZqLqJGD0jf","60fdcc2bd36d10b134c14cb8",1,402,5,5,5,5,5,5,5,5,5,4,2,4,1,4,5,4,4,4,4,4,5,4,5,5,5,3,5,5,4,4,3,4,5,4,3,2,4,3,3,2,2,2,3,4,5,4,26,"Woman","Yes","White","No","Bachelor’s Degree","No"
"53",53,"R_3JKQzXcZXK8Gnj5","5ee3a34e16ad19048aef74f6",0.899999976158142,248,5,5,3,3,3,5,5,5,5,4,1,4,1,NA,5,5,4,5,4,5,4,5,3,4,3,3,5,4,4,4,4,4,4,4,2,1,5,3,3,3,4,1,2,5,1,5,41,"Man","Yes","White","No","High School","No"
"54",54,"R_55fdLewFGW5auhH","5cdae588cc071e001a1cbbf0",0.899999976158142,282,5,5,5,5,5,4,4,4,5,4,4,5,1,5,5,1,4,3,4,3,5,3,3,5,3,3,5,3,5,4,3,4,4,2,1,2,3,4,1,3,3,2,3,5,4,5,28,"Man","Yes","White","No","Bachelor’s Degree","No"
"55",55,"R_2uQWccrXoj8xpD3","64668fee9f95265c11ddbc29",0.899999976158142,392,4,4,4,4,4,4,4,4,4,4,5,4,1,5,NA,4,4,4,5,5,5,5,4,5,4,5,4,4,5,5,4,4,4,4,4,5,4,4,4,4,4,5,5,4,4,4,21,"Man","Yes","White","No","High School","No"
"56",56,"R_1qfGKbNj6Ip5BKQ","610be593fe8e9a3a6388eddc",1,200,5,5,5,5,5,5,5,5,5,4,4,4,1,3,4,4,2,3,3,3,3,4,5,3,5,5,4,5,4,5,5,5,5,3,2,2,3,5,3,3,4,2,4,5,3,5,38,"Man","Yes","White","No","Other option not represented here","No"
"57",57,"R_3PS0kB05NnCbaWj","5b44d567eb64c200015baca0",0.899999976158142,354,5,4,3,3,3,NA,5,5,4,4,3,3,1,4,4,4,2,5,4,5,4,5,5,5,4,4,5,5,4,5,5,5,5,5,2,1,4,4,4,2,4,2,2,5,4,4,27,"Woman","Yes","Black or African American","No","Bachelor’s Degree","No"
"58",58,"R_12tnVvU7kaKEvEY","651d6b00287ea0d34f678304",1,251,3,5,5,4,5,4,3,3,5,3,4,4,1,3,2,2,2,2,3,3,5,3,4,4,3,4,4,4,4,5,4,3,4,3,3,2,2,4,2,4,4,3,4,4,4,4,NA,"Woman","Yes","Multiracial","No","Associate’s Degree","Yes"
"59",59,"R_1OHwaquikAoBuz2","5c6c90bcf4dc2c0001e8d6d1",1,177,5,5,5,5,3,5,5,5,5,5,1,5,1,5,5,4,5,5,5,5,5,5,5,5,3,3,5,5,5,5,5,5,5,4,1,1,5,5,3,1,1,1,2,5,5,5,42,"Woman","Yes","White","No","Bachelor’s Degree","No"
"60",60,"R_12qZ4z4rsGqJSGD","63d5cbb3c8e15d4cd611bee1",NA,296,5,5,5,4,5,5,5,5,5,5,2,5,1,5,4,4,2,4,5,5,5,5,5,5,5,4,5,4,5,5,4,4,5,2,1,2,4,5,4,4,4,2,3,5,4,5,46,"Woman","Yes","White","No","High School","Yes"
"61",61,"R_ey7Wxsyhp0WUH0R","5bdaf872e2c06f00018fb552",0.899999976158142,303,3,5,5,5,5,3,3,2,5,4,3,4,1,NA,3,3,1,1,2,3,4,3,3,5,2,2,2,4,5,4,3,2,4,2,5,5,1,4,1,5,3,3,5,4,3,4,45,"Woman","Yes","Black or African American","No","High School","No"
"62",62,"R_BKianQc0cXxSNEd","63d837ea31c724120707fc22",0.800000011920929,384,4,5,5,5,5,5,4,2,3,4,1,5,1,4,5,4,5,5,2,5,4,4,5,3,1,2,5,5,3,5,3,2,4,4,1,1,4,4,2,2,4,1,2,5,3,5,37,"Man","Yes","White","No","Master’s Degree","No"
"63",63,"R_sqkHVRT1xpM9VhD","578e8bd7baec1b00016977c1",0.899999976158142,230,5,5,5,5,5,5,5,4,5,5,2,5,1,5,5,5,5,5,5,4,4,5,5,5,5,3,5,5,4,4,5,5,5,3,1,2,4,5,4,1,2,2,2,4,5,5,29,"Woman","Yes","White","No","Associate’s Degree","No"
"64",64,"R_8jgryGoXpLlqtYB","63ea798ddd8bf2f61d64ee3e",1,373,3,5,5,5,5,4,4,3,4,3,3,3,1,3,5,5,5,5,4,4,5,5,3,5,1,1,5,4,4,4,3,3,3,4,3,1,5,3,3,4,4,3,3,5,5,3,43,"Man","Yes","White","No","Bachelor’s Degree","No"
"65",65,"R_27eAWydnzbK24xu","61031099119779bccc1a37bb",0.899999976158142,316,2,5,1,1,1,1,3,3,5,4,4,4,1,NA,2,1,1,1,1,3,5,3,5,4,4,4,2,4,4,5,1,4,5,1,4,2,1,4,1,4,3,1,5,4,2,3,23,"Woman","Yes","White",NA,"Bachelor’s Degree","No"
"66",66,"R_2v84PAaySSsVCn3","628524300be4422b915b32a9",1,623,3,4,3,4,3,4,3,2,3,3,4,4,1,2,4,3,4,3,2,4,3,2,3,4,4,4,3,4,3,4,2,2,NA,3,3,2,2,3,2,3,4,4,2,3,3,2,27,"Man","Yes","Latine or Hispanic","Yes","Associate’s Degree","No"
"67",67,"R_3JfUPjJkAtAS7pS","5e648efca8c76520c918bb31",1,180,2,4,3,2,4,4,2,1,4,4,4,4,1,NA,3,3,1,1,1,2,4,2,3,4,2,2,3,4,4,4,2,3,4,2,3,5,3,4,1,5,3,3,5,4,2,3,34,"Man","Yes","White","No","Bachelor’s Degree","No"
"68",68,"R_3shsFYEjD6yFsDu","5d54b73f1c1de70015d50959",0.899999976158142,367,5,5,5,5,5,5,5,5,5,5,3,4,1,5,5,5,4,5,4,5,5,5,5,5,4,3,5,5,5,5,5,5,5,3,2,1,4,5,3,2,3,3,4,4,5,5,40,"Woman","Yes","White","No","High School","No"
"69",69,"R_3OfevroXEUFmRK9","611f18c8da4156d7a97fa019",1,411,4,5,3,3,3,4,4,4,5,5,1,3,1,4,4,4,3,3,4,5,4,4,5,4,4,3,4,5,5,5,4,4,5,2,3,2,4,4,1,2,3,2,4,4,5,NA,35,"Woman","Yes","Multiracial","No","Master’s Degree","No"
"70",70,"R_2aivfHf3OfVVRAd","641363c9b6f7b3cb23a301f1",0.800000011920929,285,5,5,3,3,3,5,3,5,5,5,1,1,1,NA,5,5,5,5,5,5,4,5,5,1,1,3,5,5,3,3,5,3,3,5,1,1,5,5,3,2,3,1,1,5,4,3,41,"Man","Yes","White","No","High School","No"
"71",71,"R_3s03Z0JZINqelH2","58f5365dfb4d7500014aeebc",1,165,4,1,4,4,4,4,2,1,4,4,2,2,1,2,4,4,4,4,4,5,5,4,3,4,3,2,4,4,4,4,1,1,5,4,1,4,2,4,2,2,4,4,4,5,4,2,30,"Man","Yes","White","No","High School","No"
"72",72,"R_1ifeL9djQI6osqd","5e5fee8544f18332d7cbf7b6",0.899999976158142,537,3,5,5,4,5,1,3,3,3,5,3,3,1,3,4,3,2,5,2,1,3,3,3,4,1,1,4,4,5,2,1,4,5,2,1,2,3,4,2,4,4,2,5,4,3,1,52,"Man","Yes","White","No","High School","Yes"
"73",73,"R_sXzsVZtpACoDGAp","5981b8259c83ca00012bddcb",0.899999976158142,392,3,5,3,3,3,3,3,3,5,5,3,5,1,3,5,3,3,3,3,4,4,4,3,5,4,3,5,3,5,5,3,5,3,3,1,2,4,4,2,1,3,3,1,5,4,5,38,"Man","Yes","Black or African American","No","Bachelor’s Degree","No"
"74",74,"R_2wSv009zdKTExLG","5f480a472618b5169c7711e1",1,238,5,5,3,3,3,5,5,5,5,5,1,3,1,5,5,4,5,4,5,5,5,5,4,5,4,4,5,5,5,5,4,4,4,2,5,2,3,5,1,2,2,4,4,4,4,4,25,"Man","Yes","Asian or Asian American","No","Bachelor’s Degree","No"
"75",75,"R_3261zi4Xc9Ngc3Q","5d4c920ff84e9b0019c1aff4",0.899999976158142,743,1,5,3,3,3,1,1,1,5,4,5,3,1,5,3,2,3,1,1,3,3,2,3,4,2,1,1,3,3,4,2,4,3,1,3,4,1,3,1,2,3,3,4,3,3,3,50,"Woman","Yes","Black or African American","No","Associate’s Degree","No"
"76",76,"R_22JhBm7OIIzett1","58509fbda6946500016117ed",0.800000011920929,236,5,5,5,4,5,5,5,5,5,5,2,4,1,5,4,4,4,5,5,5,5,5,4,5,3,3,5,5,5,5,5,5,3,3,1,3,4,4,3,3,4,2,4,5,4,5,38,"Man","Yes","White","No","High School","Yes"
"77",77,"R_2zdqJGCAL5CfoTP","5b2669ae0ec82d0001d20b40",0.899999976158142,739,4,5,5,5,5,3,4,3,5,5,2,5,1,3,2,4,3,4,3,5,4,4,5,4,4,4,5,5,5,5,4,4,4,1,4,4,3,4,4,4,3,1,4,4,4,5,76,"Woman","Yes","Black or African American","No","Associate’s Degree","No"
"78",78,"R_1Du2zuUjLyWeK59","5c03688d29abc00001991a3a",1,136,5,5,5,5,5,5,5,5,5,5,1,5,1,5,5,5,5,4,5,5,5,5,5,5,5,5,5,5,5,5,5,5,5,4,3,1,4,5,5,3,3,1,2,5,5,5,25,"Woman","No","White","No","Master’s Degree","No"
"79",79,"R_1fdTfc6JXYGTJLL","5f68c976410f260322dc1747",0.899999976158142,210,1,5,3,3,2,2,1,1,3,4,4,3,1,4,2,4,2,3,3,3,4,3,3,4,2,2,4,4,3,4,3,4,2,5,2,3,4,3,3,4,2,2,2,5,2,3,31,"Man","Yes","White","No","Bachelor’s Degree","No"
"80",80,"R_PTbhN1LYZfeUQdb","62c63900eeac5a077bc98e74",1,353,5,5,5,5,5,5,3,3,5,5,2,5,1,NA,2,1,2,1,2,3,5,4,3,5,5,3,4,4,5,4,2,2,5,1,4,4,1,3,1,5,4,2,5,4,5,4,75,"Woman","Yes","White","No","Bachelor’s Degree","No"
"81",81,"R_2BtkPHRltglI9fs","5c2a92b4b8e5f900015b3f58",0.899999976158142,276,3,4,4,4,4,4,3,3,4,3,3,4,1,3,3,3,3,3,3,3,3,3,3,3,3,3,3,3,3,3,3,3,3,3,3,3,3,3,2,3,3,2,3,3,3,3,32,"Woman","Yes","White","No","Bachelor’s Degree","No"
"82",82,"R_1gRYEED1Mrh6EpC","5f285dc5b09b3715fa20a14c",0.899999976158142,345,4,5,4,4,5,4,4,4,5,4,3,5,1,3,2,3,1,4,4,3,5,3,4,4,4,3,5,4,5,3,4,4,5,1,3,4,1,4,1,4,4,1,5,5,2,4,57,"Woman","Yes","White","No","High School","No"
"83",83,"R_3qjMlV9BcJNpzra","5df2be706e8aab1d1eb46feb",0.899999976158142,188,4,5,4,3,5,5,4,4,5,5,4,4,1,3,4,4,5,3,3,4,5,4,4,5,3,3,4,5,4,4,3,3,4,1,2,2,3,4,2,2,4,2,4,3,2,4,33,"Man","Yes","Latine or Hispanic","Yes","Bachelor’s Degree","No"
"84",84,"R_3oEAOWUkpB3p8b2","603690a9ccf658762858408e",0.899999976158142,230,4,5,5,5,5,5,4,4,5,4,2,4,1,4,5,4,4,4,4,3,4,3,5,5,5,4,4,5,5,3,5,5,4,2,2,3,1,5,3,2,2,2,5,4,2,3,40,"Woman","Yes","White","No","Associate’s Degree","No"
"85",85,"R_3PHSoQtlcXM30J7","60fdb491fed04550de2a2068",0.899999976158142,256,5,5,5,5,5,5,5,4,5,5,1,5,1,4,5,5,3,3,4,4,5,4,5,5,5,4,5,5,5,5,5,5,3,3,2,1,3,5,3,2,2,1,3,4,5,5,23,"Woman","Yes","White","No","Bachelor’s Degree","No"
"86",86,"R_Q5FdKIsYaRoaVY5","5d75c56a52c89d0017df611c",0.899999976158142,373,4,5,4,4,4,4,4,4,5,5,3,5,1,4,4,2,2,3,3,2,5,4,4,4,4,4,3,4,5,4,3,3,5,1,1,3,2,4,2,2,2,2,3,4,3,4,41,"Woman","Yes","Black or African American","No","Bachelor’s Degree","No"
"87",87,"R_1DTrGQZHcfC8Crb","56d89fc04a9be10005541745",0.899999976158142,289,1,4,5,4,5,2,NA,2,4,4,2,3,1,NA,4,NA,1,3,1,4,5,4,2,5,5,4,4,4,5,4,4,4,4,3,2,5,3,3,1,3,4,2,5,5,4,3,61,"Woman","Yes","White","No","High School","Yes"
"88",88,"R_3NVZT4kr4L8VPNk","612597436eff2c3e15310f3f",0.800000011920929,122,3,4,4,3,2,4,3,2,4,4,3,3,1,3,3,3,4,4,4,4,4,5,2,4,4,2,4,4,5,2,4,4,4,3,2,2,5,4,4,3,3,2,4,4,2,4,28,"Man","Yes","White","No","High School","No"
"89",89,"R_3Hn72LUMWMVjmYh","5ee642c9f5cb343a58b1ef13",1,189,5,5,5,5,5,5,5,5,5,5,1,5,1,5,5,4,2,5,5,5,5,5,5,5,5,5,5,5,5,5,5,5,5,4,1,1,3,5,5,1,1,2,4,5,4,5,42,"Man","Yes","White","No","Bachelor’s Degree","No"
"90",90,"R_2q7MozaZ30q7Nqc","64d50be2a6946343b620b6c4",1,270,4,5,5,5,5,5,5,4,5,5,3,2,1,4,5,5,4,5,5,4,4,5,4,5,5,5,4,5,4,5,5,4,5,3,1,1,4,5,4,2,2,1,2,5,5,4,52,"Woman","Yes","Multiracial","No","High School","No"
"91",91,"R_1q2MmfMyf3Noo0U","5f500550ad48ba16ff920279",0.899999976158142,251,NA,3,3,3,3,1,1,1,3,5,3,4,1,NA,4,4,3,1,1,1,5,1,4,1,1,3,2,3,3,5,3,1,3,1,5,5,1,1,1,4,3,4,5,3,3,4,42,"Man","Yes","Asian or Asian American","No","Associate’s Degree","No"
"92",92,"R_xs9Ek6ZU9YKYBK9","5e44d8be1d4be4369bc8b61e",1,144,5,5,3,3,1,5,5,5,5,5,1,5,1,5,5,5,5,5,5,5,5,5,5,5,5,5,5,5,4,5,5,5,5,3,2,1,5,5,3,1,1,1,1,5,4,5,21,"Woman","Yes","Black or African American","No","Bachelor’s Degree","No"
"93",93,"R_C4uYz4MET1flzkR","5a9867476219a30001d3368e",0.899999976158142,186,4,5,4,4,4,4,4,4,NA,4,3,4,1,NA,5,5,3,3,4,4,3,4,4,5,5,3,4,5,4,5,4,5,4,4,1,1,4,4,4,2,3,1,3,4,4,4,55,"Man","Yes","White","No","Associate’s Degree","No"
"94",94,"R_12SaNxt4ZoSHiaq","5f1f1de3d648a00b8c2b98e8",1,182,3,5,4,4,5,3,2,1,5,5,4,3,1,NA,5,3,1,3,2,3,4,2,4,4,4,3,3,4,4,4,2,5,4,2,2,3,2,4,2,1,3,3,4,4,5,5,32,"Woman","Yes","White","No","Master’s Degree","Yes"
"95",95,"R_x4SBNd5p96YIsQp","5edc0b5819fa7f8ba7567231",1,129,3,5,2,4,5,3,3,5,4,3,4,4,1,NA,4,2,2,3,3,5,4,3,4,3,3,3,4,3,3,4,3,3,4,2,4,4,4,3,2,3,5,2,5,4,3,4,22,"Woman","Yes","Multiracial","No","Bachelor’s Degree","No"
"96",96,"R_0fkxC8sMyeF5VuN","6361946867aaa026320f144f",0.899999976158142,196,5,5,5,5,5,5,5,4,5,5,3,5,1,5,5,4,5,5,5,4,5,5,2,5,5,3,4,4,4,5,4,4,4,2,2,2,1,4,1,2,2,2,4,5,4,4,35,"Man","Yes","White","No","Master’s Degree","No"
"97",97,"R_8FVOf3gEmW9e9Ff","5f6837758ab63d4814ea553f",1,344,5,5,5,5,5,3,5,4,5,5,1,4,1,2,4,4,4,2,4,2,5,4,5,5,5,5,4,5,5,5,4,4,5,2,4,5,2,4,2,2,2,2,5,2,3,2,44,"Man","Yes","White","No","Bachelor’s Degree","No"
"98",98,"R_vVmZbLzmnWNfmkV","65393db3efe939af7f4576a3",0.899999976158142,153,5,5,5,4,5,5,5,5,4,4,2,4,1,NA,5,4,5,5,4,5,4,5,4,5,5,4,5,4,3,5,4,4,3,5,1,1,4,5,3,4,5,2,2,5,4,5,25,"Man","Yes","Asian or Asian American","No","Bachelor’s Degree","No"
"99",99,"R_1kXpFGSBmhJAhpY","569a64b9af9ad7000c640685",0.899999976158142,188,5,5,5,5,5,5,5,5,5,4,1,5,1,3,5,5,4,4,5,5,4,5,5,5,5,5,5,5,5,4,5,5,4,3,2,1,2,5,1,1,1,1,4,5,5,5,27,"Woman","Yes","Black or African American","No","Bachelor’s Degree","No"
"100",100,"R_2U60qlrlrhWUxbq","5c8676deddda2d00012ad386",0.899999976158142,278,5,5,5,5,5,5,5,5,5,4,1,4,1,4,5,5,5,4,5,5,4,4,5,5,5,5,5,5,5,5,5,5,4,1,3,4,4,4,1,5,1,3,5,5,4,3,29,"Man","Yes","White","No","Master’s Degree","No"
"101",101,"R_1Q5El1Bdz6zk0FN","602d3534af703b6fe8b4033d",0.899999976158142,229,5,5,5,5,5,5,5,5,5,5,2,4,1,4,5,1,3,4,5,5,4,5,5,5,5,5,5,5,4,5,5,4,5,4,1,1,3,5,3,2,2,1,2,5,4,4,30,"Man","Yes","White","No","High School","No"
"102",102,"R_2w0TptApL1XSmm8","63d8032fd2b4f1648f8ca4db",1,404,4,5,4,1,2,4,3,4,5,5,2,5,1,2,5,2,1,2,4,3,4,2,2,4,4,4,4,5,4,5,2,4,4,1,2,4,1,4,2,3,4,2,5,2,3,4,21,"Man","Yes","White","No","High School","No"
"103",103,"R_2alYzCnuMDSyTv6","5c8541b79c5a3000016b2597",0.800000011920929,260,5,5,5,5,3,5,5,5,5,5,1,5,1,5,5,4,5,5,4,5,5,4,5,5,4,5,5,5,4,5,5,4,4,4,1,1,3,5,3,1,2,1,2,5,2,4,50,"Man","Yes","White","No","Bachelor’s Degree","No"
"104",104,"R_2Ck9DdGqZkITDKr","63c18301a31679d3e3e39101",1,263,4,4,5,4,5,4,1,2,5,5,4,4,1,2,5,2,1,2,2,2,5,2,4,5,4,2,5,5,5,5,2,4,5,4,1,2,4,4,4,2,2,1,4,5,4,5,54,"Woman","Yes","White","No","High School","No"
"105",105,"R_Ut3mPkqze8NTqw1","610310ff111ca7fb658db2f9",0.800000011920929,315,4,5,4,4,5,5,1,1,5,5,5,5,1,NA,2,1,4,4,1,1,5,1,4,5,1,2,4,5,5,2,4,4,2,1,2,2,4,4,2,5,5,4,5,5,2,5,31,"Man","Yes","Latine or Hispanic","Yes","Associate’s Degree","No"
"106",106,"R_3FR3Ehhct97iway","5d67476c0ca617001699fe7a",0.899999976158142,498,3,5,5,2,5,3,4,3,5,5,1,4,1,4,1,5,5,5,3,5,5,3,5,5,3,5,5,5,4,5,5,5,5,4,1,2,1,3,3,2,4,1,3,5,5,2,32,"Woman","Yes","White","No","High School","No"
"107",107,"R_2CK5085dsRyCT3b","6294cfd955c45345ed61aea1",0.899999976158142,256,4,5,5,4,5,4,3,3,5,5,3,5,1,3,4,3,4,3,3,3,5,3,4,5,3,3,5,5,5,4,3,4,5,2,3,3,2,4,1,3,3,2,4,4,1,4,33,"Man","Yes","White","No","Bachelor’s Degree","No"
"108",108,"R_2AGzeBO33RqEAzS","5b86f3cb5470830001b74bbc",1,312,3,5,3,3,3,5,3,3,5,5,1,5,1,NA,5,5,1,3,1,1,5,1,5,5,5,4,3,5,5,3,5,5,5,1,3,3,2,3,1,3,3,4,5,5,5,4,40,"Man","Yes","Black or African American","No","Doctorate Degree (PhD, PsyD, etc.)","No"
"109",109,"R_2TZBKa98K7MiNgo","63379b05773c5c7387be019f",1,183,2,5,5,4,5,4,2,2,3,4,2,4,1,NA,4,4,2,2,2,2,4,2,4,5,1,2,4,4,2,4,2,4,4,2,4,3,4,3,2,4,5,1,4,5,2,4,22,"Man","Yes","Latine or Hispanic","Yes","High School","No"
"110",110,"R_tE6LZ6Aqvg9JQfD","5c93d5271959a00012c88972",0.899999976158142,245,5,5,5,4,3,5,5,4,NA,5,1,5,1,4,5,5,3,4,5,3,3,5,5,4,5,5,5,5,4,5,5,4,4,3,4,1,4,5,3,2,2,1,3,5,5,5,30,"Woman","Yes","White","No","Master’s Degree","No"
"111",111,"R_OEdDXusgSgPf7d7","63672f2f4815449a135bbcba",1,371,4,5,1,1,5,4,3,3,5,4,4,4,1,NA,2,1,1,2,2,3,5,3,2,5,4,4,2,3,5,5,3,3,4,1,5,4,2,4,1,5,3,4,5,4,5,4,20,"Man","Yes","Latine or Hispanic","Yes","High School","No"
"112",112,"R_1NrF83fSbLvWjR5","5d85150104ad7f00180935d1",1,449,1,5,1,3,3,1,2,1,5,5,2,4,1,2,4,2,2,3,2,2,5,2,2,2,3,2,5,4,4,4,4,4,4,2,1,4,1,3,3,4,4,2,4,5,4,4,36,"Woman","Yes","White","No","Bachelor’s Degree","No"
"113",113,"R_3O7ZUs5PSw0h13P","633b23b8785937d02ab27d86",0.800000011920929,155,3,4,4,4,4,4,3,3,4,4,2,4,1,2,4,3,3,2,2,2,5,3,4,4,3,4,4,4,4,4,4,4,3,3,2,3,2,4,3,4,4,2,4,4,3,3,25,"Man","Yes","White","No","Bachelor’s Degree","No"
"114",114,"R_4HpkWv2Ep8OVUBj","63e5bbe4aa8fac2e51d4fe5c",0.400000005960464,329,3,5,3,3,3,4,3,3,3,4,4,4,1,2,3,3,3,2,3,3,5,3,4,4,3,3,3,3,4,4,3,4,4,3,4,3,3,4,2,4,4,4,4,3,3,4,21,"Man","Yes","White","No","High School","No"
"115",115,"R_3NEYqSvnhrrze8w","615f7e73c786c379ed1a06c7",0.899999976158142,326,1,5,4,1,5,2,1,2,5,4,1,4,1,NA,4,4,1,1,1,2,5,2,4,5,5,4,5,5,5,5,1,1,4,1,4,4,4,5,4,5,5,1,5,5,1,4,34,"Man","Yes","White","No","High School","No"
"116",116,"R_2X03UAHcMHTNQxz","6532cc9d0e0a0cfbc5295e60",0.899999976158142,346,5,5,5,5,5,5,4,4,5,4,3,3,1,2,5,2,3,3,4,4,5,4,4,3,5,4,5,5,4,4,5,4,4,2,3,1,4,4,4,2,3,2,5,2,2,3,NA,"Man","Yes","White","No","Associate’s Degree","No"
"117",117,"R_3oL9fzNlu5hG00U","5cd1b38113a10a00013b9eaa",0.800000011920929,200,5,5,5,5,5,5,5,5,5,5,1,5,1,5,5,5,5,4,4,4,5,5,5,3,4,4,5,5,5,4,5,5,5,3,1,1,3,5,4,2,2,1,3,5,5,5,27,"Man","Yes","White","No","High School","No"
"118",118,"R_27pPgudtn53WCsp","653403fb4c4cee1065807251",0.899999976158142,393,3,4,3,4,4,3,3,2,4,4,3,3,1,2,3,2,1,3,3,3,4,3,2,3,1,2,4,3,4,3,3,3,3,2,4,3,3,3,1,4,4,4,4,4,3,3,43,"Man","Yes","White","No","Bachelor’s Degree","No"
"119",119,"R_305ZXu3mf7gq6uT","5589ce75fdf99b18be3203d2",0.899999976158142,199,5,5,5,5,5,4,4,4,5,4,2,4,1,4,4,2,2,4,2,5,4,4,4,5,5,4,4,5,4,5,5,5,3,2,2,2,2,3,2,2,2,2,4,5,4,5,37,"Woman","Yes","White","No","High School","No"
"120",120,"R_1dacq4mev3ryz4D","62f70dd38becd2f7f2ce53a8",1,156,2,5,2,2,4,1,1,1,4,4,2,4,1,NA,2,1,1,1,1,2,4,2,2,2,2,1,2,2,5,4,1,1,4,2,5,3,1,4,1,5,5,5,5,1,2,4,28,"Man","Yes","White","No","Other option not represented here","No"
"121",121,"R_1CrTlBgGaI3n0T2","60a2abc7d14eb0935100dd31",0.899999976158142,270,1,3,1,1,5,1,1,1,5,5,2,3,1,NA,2,3,1,1,1,1,4,1,5,5,3,3,3,3,5,5,4,4,4,1,3,3,1,3,1,1,2,3,5,4,4,3,48,"Man","Yes","White","No","Associate’s Degree","No"
"122",122,"R_1Qsgar6dI84ySpB","61085078e47522106cadb883",1,266,3,5,3,3,3,5,4,4,4,2,4,4,1,3,2,2,1,3,4,4,4,4,4,4,4,2,4,4,4,4,3,5,5,3,3,3,1,4,3,2,2,2,5,4,3,4,31,"Woman","Yes","White","No","Bachelor’s Degree","No"
"123",123,"R_2uCLGDLqa83YBAQ","651ec68497c8a7741b8077ac",1,160,4,4,4,4,4,4,4,4,4,4,4,4,1,4,4,1,4,4,3,4,4,4,4,4,1,3,3,3,2,4,4,4,4,2,4,4,2,3,1,3,2,2,4,4,4,4,44,"Man","Yes","White","No","Master’s Degree","No"
"124",124,"R_2TQM7eFtUHQFsbm","5e7e94f6279cb0000a027185",1,233,4,5,3,3,3,5,4,4,5,5,1,5,1,3,5,3,5,1,4,4,5,4,5,5,5,5,5,5,5,5,3,3,3,2,3,1,4,5,2,2,3,3,3,5,4,5,23,"Man","No","Multiracial","No","High School","No"
"125",125,"R_3qIs4OwXA3A1vo7","63851c4704abc2c8d096c2f4",1,491,3,4,2,3,3,3,4,3,4,3,4,1,1,3,2,1,1,2,1,1,4,3,3,4,2,2,3,3,5,4,1,1,4,2,3,4,2,2,1,4,3,2,4,5,1,1,56,"Woman","Yes","White","No","High School","No"
"126",126,"R_24v2qpzXpE8Hi3A","6319450b7a1d203beb9fac1c",1,322,4,5,5,5,4,4,4,5,5,5,3,2,1,5,4,5,5,5,3,4,5,5,5,5,1,3,5,5,3,5,4,4,4,5,1,1,5,4,3,2,3,1,3,5,4,5,35,"Man","Yes","White","No","Bachelor’s Degree","No"
"127",127,"R_1MS97KvDMYMyKlL","63ea5fe64d7a2cce52a149ca",1,252,4,5,5,5,5,5,5,4,5,4,1,5,1,NA,4,2,1,1,4,5,4,2,1,4,5,5,1,2,5,5,2,4,4,1,4,5,1,5,1,5,5,4,5,4,4,4,30,"Woman","Yes","Asian or Asian American","No","Professional Degree (J.D., M.D., etc.)","No"
"128",128,"R_2OZIx6QsipFZ9mH","649edf7aadf1a3f85ff85b90",0.899999976158142,352,1,1,1,1,1,1,1,1,1,2,4,3,1,2,1,1,2,2,1,1,4,1,2,3,1,1,5,1,4,4,1,1,4,3,2,4,2,1,1,2,2,1,4,4,1,3,62,"Woman","Yes","White","No","High School","No"
"129",129,"R_scGiyC5cQpCf4vD","62db76a315d362749f584469",1,286,4,5,5,4,5,5,5,5,5,5,2,4,1,5,4,4,1,5,3,4,5,3,4,5,3,4,5,4,5,5,5,5,5,2,3,2,2,5,1,4,4,2,4,5,4,5,54,"Man","Yes","White","No","Bachelor’s Degree","No"
"130",130,"R_A0ZqFH4bdoskCt3","62aa26592478d039ddeaaa4c",0.899999976158142,321,5,5,5,5,5,5,5,4,5,5,1,5,1,3,5,4,3,3,4,5,4,5,5,5,5,4,3,5,5,4,4,4,3,3,2,3,2,5,1,3,3,1,4,4,2,5,32,"Man","Yes","White","No","Bachelor’s Degree","No"
"131",131,"R_2YEyd62By6i4TPc","63921bd53086fdb357c447d1",0.899999976158142,457,5,5,5,5,5,5,4,3,5,5,1,5,1,3,5,4,2,2,4,3,4,3,5,5,4,3,2,5,5,5,5,5,3,1,1,1,1,5,3,1,1,3,5,4,1,5,59,"Woman","Yes","White","No","High School","No"
"132",132,"R_2YLM1rMs21VKj6F","5623f187ed6e5a0011c81083",1,236,5,5,5,5,5,4,5,4,5,5,2,5,1,4,5,4,4,5,4,5,5,5,4,5,5,4,5,5,4,5,4,4,5,4,1,1,4,5,5,2,1,1,3,5,4,5,38,"Man","Yes","White","No","Bachelor’s Degree","No"
"133",133,"R_D5XGu27QFGHCmvD","62ab9ac6bed841d64039b711",0.899999976158142,311,2,5,4,4,4,2,3,2,5,4,3,4,1,2,4,2,2,2,4,2,5,3,4,4,5,4,4,4,5,4,4,5,4,1,4,5,1,4,1,4,4,4,5,3,3,4,26,"Woman","Yes","White","No","Associate’s Degree","No"
"134",134,"R_3Mu7rpkBdAtEBkc","5a65daf2c0d836000107d1ba",0.899999976158142,162,4,5,5,5,5,5,5,4,5,5,2,4,1,4,4,5,5,4,4,5,5,4,3,5,5,4,4,5,5,5,4,5,5,3,2,2,3,5,3,2,1,2,4,4,4,5,42,"Woman","Yes","White","No","Associate’s Degree","No"
"135",135,"R_1JR93XRXbSpI0Yo","6369174d2ded623f59d94e9d",0.400000005960464,292,4,5,4,3,3,4,4,3,4,4,4,2,1,3,4,1,1,3,2,4,5,2,2,2,2,2,5,2,2,2,2,4,4,1,4,4,1,4,1,4,4,4,5,5,2,2,52,"Woman","Yes","White","No","Master’s Degree","No"
"136",136,"R_30nNOAiXd3v181d","636149c88d2d393decf957f7",0.899999976158142,270,4,4,5,4,5,5,4,4,2,4,2,4,1,3,4,2,2,3,3,2,5,3,4,4,1,1,NA,3,3,4,4,4,4,2,2,3,4,4,1,4,5,2,4,5,2,4,37,"Man","Yes","White","No","High School","No"
"137",137,"R_2VEAgyr6IKDEMES","5f08b9764316f010fc8e0f5c",0.899999976158142,178,5,5,5,5,5,5,5,5,5,5,1,5,1,5,5,5,5,5,5,5,5,5,5,5,5,5,5,5,5,5,5,5,5,1,2,1,1,5,3,1,1,2,4,5,5,5,26,"Man","Yes","White","No","High School","No"
"138",138,"R_xgOPuMjSkOpBGYF","58472149000f1000010ebc53",1,358,5,5,5,5,5,5,5,5,5,5,1,5,1,5,5,5,4,5,5,5,5,5,5,5,4,3,5,5,5,5,5,5,5,1,1,1,1,5,1,1,1,3,5,4,4,5,47,"Man","Yes","White","No","Bachelor’s Degree","No"
"139",139,"R_2vlgYnOJ9GMsnO6","569c19c09e8363000b2ffa71",0.899999976158142,191,5,5,5,5,5,5,5,5,5,5,1,5,1,5,5,5,5,5,5,5,5,5,5,5,5,5,5,5,4,5,5,5,5,5,1,1,5,5,3,3,3,1,1,5,5,5,32,"Non-Binary, Agender, or Other","No","White","No","High School","Yes"
"140",140,"R_2tlpK44QVQp8Gw1","653391e3f26b9e1e338057bf",0.899999976158142,374,3,5,5,4,5,5,3,3,5,1,3,4,1,2,4,3,3,4,3,3,5,5,4,5,4,4,5,5,4,5,2,4,5,3,3,1,5,3,3,2,4,2,2,5,5,4,18,"Woman","Yes","Black or African American","No","High School","No"
"141",141,"R_3fwLsmRtawK3igT","645a80c7086c5489889e618d",0.899999976158142,281,3,5,3,3,3,5,5,3,5,4,5,4,1,3,3,3,3,3,3,3,4,3,3,3,3,3,4,5,5,5,5,3,5,2,3,3,3,3,2,3,3,3,5,4,4,5,56,"Woman","Yes","White","No","Master’s Degree","No"
"142",142,"R_2WIPUf434SVaRCe","611ee12b0e9abaefd865f415",0.899999976158142,147,4,5,4,4,4,5,3,3,4,2,2,4,1,3,5,5,5,4,4,4,4,4,3,3,3,2,4,4,3,5,4,3,4,5,1,3,4,4,3,3,3,1,3,5,4,4,21,"Man","Yes","Asian or Asian American","No","High School","Prefer not to say"
"143",143,"R_PRpvFYIGRQ6sTPb","601881f750d81113da009330",0.899999976158142,189,4,5,5,5,5,4,3,3,5,4,1,2,1,NA,5,2,2,1,3,2,4,3,3,5,3,1,5,5,5,3,5,5,4,1,4,4,1,5,2,5,5,2,5,4,4,3,58,"Man","Yes","White","No","Master’s Degree","No"
"144",144,"R_3J8G57pcqAjQMxr","6008cb43ebe07457bd621d95",1,192,4,5,4,5,5,2,1,1,5,4,4,5,1,NA,4,1,1,1,1,1,5,1,1,5,1,1,2,3,5,4,4,4,1,1,5,5,1,2,1,5,5,5,5,1,1,4,22,"Woman","Yes","White","No","Bachelor’s Degree","No"
"145",145,"R_2zC79ahljAhEtuN","592f09f14217c40001a76e8e",1,242,4,5,4,3,4,4,4,4,4,4,3,4,1,4,4,3,4,4,4,4,4,4,4,4,4,3,4,4,4,4,3,3,4,3,3,2,3,3,3,2,3,2,3,3,3,4,45,"Man","Yes","White","No","High School","No"
"146",146,"R_8ijt17p6jU78Lwl","648706968595d07a26faa725",0.800000011920929,303,5,5,5,5,5,5,5,5,5,5,3,5,1,5,5,2,5,5,5,5,5,4,5,5,5,3,5,5,5,5,3,3,5,3,2,1,3,5,5,5,3,1,3,5,5,4,28,"Woman","Yes","White","No","Bachelor’s Degree","No"
"147",147,"R_3matjMW4T4b2KE8","63d40e3588ba6ef2a3ce7c37",0.899999976158142,235,5,5,NA,5,5,4,1,1,5,5,1,5,1,5,5,5,2,5,1,4,5,5,NA,5,1,1,5,5,5,5,5,4,5,5,1,1,4,5,4,5,4,1,2,5,4,4,42,"Man","Yes","White",NA,"Bachelor’s Degree","No"
"148",148,"R_3CUUwYfWrYdvNdR","5df39c6805620526e328a329",1,732,3,5,5,5,5,4,3,3,5,4,3,3,1,2,4,3,3,1,2,3,5,3,3,5,3,3,4,4,4,4,3,3,4,2,4,3,1,3,3,3,3,4,5,4,3,3,26,"Woman","Yes","Latine or Hispanic","Yes","High School","No"
"149",149,"R_yJAImA7wBU2cIEx","62da941cdd9d95738a12793e",1,542,3,3,5,5,5,4,3,1,4,3,3,5,1,2,5,3,4,3,1,3,5,2,3,5,1,1,4,2,5,4,1,3,3,1,3,5,1,3,1,5,5,4,5,5,2,3,34,"Woman","Yes","White","No","High School","No"
"150",150,"R_3Jq3onGO8sinNA5","562435d4ed6e5a0011c812d0",0.899999976158142,278,3,5,4,4,5,5,2,2,4,4,2,4,1,3,5,2,2,3,2,3,4,3,4,4,4,3,4,4,4,4,3,5,4,2,2,3,3,4,2,3,3,2,4,4,2,4,36,"Woman","Yes","White","No","Master’s Degree","No"
"151",151,"R_1gom4Ekvv2rMLog","6406105bdb1a52c8a70b0dcc",NA,257,4,5,5,5,5,5,4,4,5,5,1,5,1,5,4,3,3,5,3,4,5,4,5,4,4,5,4,5,5,5,5,5,5,4,1,1,3,5,5,1,3,1,1,5,3,5,32,"Man","Yes","Latine or Hispanic","Yes","Bachelor’s Degree","No"
"152",152,"R_2SrFDA7NVWQfqvT","5e6457da6e2ba11d4d2cde13",0.899999976158142,425,2,4,1,2,3,1,1,1,4,4,5,2,1,4,2,1,1,1,1,1,5,3,2,3,3,2,3,2,4,2,3,3,2,1,4,3,2,2,2,5,4,3,4,4,3,4,46,"Man","Yes","White","No","Associate’s Degree","No"
"153",153,"R_2PAU4UP3qS5M5kP","62ead1ef3d160a9d666c0bac",0.899999976158142,106,4,5,5,5,4,5,5,4,5,5,2,5,1,4,4,5,3,2,4,5,5,3,5,4,5,4,2,4,4,4,4,4,5,1,4,1,2,4,3,2,2,2,4,4,5,5,27,"Woman","Yes","Asian or Asian American","No","Bachelor’s Degree","Yes"
"154",154,"R_3imLMPhW5hbLgGF","58ae59babb9e0f0001acb414",1,196,5,5,3,3,3,4,4,4,4,3,3,4,1,5,4,3,5,4,4,5,4,4,4,5,4,2,4,3,5,4,2,2,3,5,2,2,5,4,3,5,4,2,3,5,4,4,20,"Man","Yes","Asian or Asian American","No","Bachelor’s Degree","No"
"155",155,"R_1LM5MIAwdOfe9yC","5e2db16fa8f85339b2ada2e9",0.899999976158142,235,2,5,4,4,5,4,4,4,5,4,5,4,1,2,5,5,2,2,3,1,4,3,4,5,4,3,1,4,5,4,5,4,4,2,4,3,1,4,1,1,1,2,5,4,4,4,37,"Woman","Yes","Black or African American","No","Bachelor’s Degree","No"
"156",156,"R_2B9CwgCghNk7Peh","5d8032d2c97eca0001056cdc",1,384,3,5,4,4,5,2,4,3,5,4,4,4,1,2,5,2,1,5,4,4,4,3,5,4,2,2,4,NA,4,2,4,4,4,2,2,3,4,3,1,2,3,2,4,4,2,3,47,"Woman","Yes","White","No","High School","No"
"157",157,"R_bI3CUHlMaTeh1Hr","64498155ea5c7597f1f4a2a4",1,325,3,5,3,4,5,3,1,1,4,3,3,3,1,3,2,1,2,3,1,3,5,2,2,4,2,3,3,3,5,4,2,3,5,2,2,3,2,3,1,5,4,3,4,4,3,3,56,"Man","Yes","White","No","Bachelor’s Degree","No"
"158",158,"R_b7rlMciCQU3sEaB","5bac349900239700017e9379",0.899999976158142,231,3,5,4,4,1,5,5,4,5,5,4,5,1,3,5,1,5,3,5,3,5,4,3,4,4,5,5,5,4,5,4,5,NA,2,3,3,2,4,1,4,3,1,3,5,5,5,31,"Man","Yes","White","No","Bachelor’s Degree","No"
"159",159,"R_1CfI2prssSVYAgp","563abe99be9cac0005aab39f",0.899999976158142,229,5,5,5,5,5,5,5,5,5,5,1,5,1,5,5,5,4,5,5,5,3,5,5,5,5,5,5,5,5,4,5,5,5,4,1,1,5,5,3,2,2,1,2,5,4,5,46,"Woman","Yes","White","No","High School","I don’t know"
"160",160,"R_2xxRVknmc4Bf0nZ","62db005bae68d37fe24b50da",1,286,5,5,5,5,5,5,5,5,5,5,2,4,1,5,5,4,5,4,5,5,4,5,5,4,5,4,4,4,5,4,5,5,5,4,2,3,4,5,4,1,1,2,3,5,4,4,34,"Non-Binary, Agender, or Other","No","White","No","Bachelor’s Degree","No"
"161",161,"R_2ON1GomKbK2YZij","6151c8ea2f7b31bdda93807d",0.899999976158142,203,4,5,5,5,5,5,4,4,5,5,2,4,1,2,5,3,4,2,4,4,4,4,4,5,4,3,4,4,5,5,4,4,5,1,2,4,1,4,2,2,2,3,5,4,2,4,33,"Man","Yes","White","No","Professional Degree (J.D., M.D., etc.)","No"
"162",162,"R_3CHK592E2UXP7NF","5e668d33ffed4c410e662f8a",1,232,4,5,5,5,5,4,4,3,5,4,1,5,1,4,5,4,4,2,3,3,4,4,4,4,3,3,4,4,4,5,3,3,4,2,3,2,2,5,2,2,2,2,4,4,4,4,40,"Man","Yes","White","No","High School","No"
"163",163,"R_vwaoP5N6PqfV2Ex","5f3aead81965e27c4a531d95",0.899999976158142,268,1,4,1,2,4,1,1,1,4,4,2,4,1,3,2,1,1,2,1,1,5,1,3,4,2,3,4,3,5,2,3,2,4,1,5,4,2,1,1,5,4,2,5,4,4,2,38,"Man","Yes","White","No","Bachelor’s Degree","No"
"164",164,"R_2anqYmhuJrg3SN4","55d524a68ce09000057d4826",0.899999976158142,301,2,5,3,3,3,4,2,2,4,4,2,3,1,3,4,4,1,2,2,2,4,3,4,4,3,3,4,4,4,4,3,3,4,1,3,4,2,3,2,4,4,2,4,4,2,4,35,"Woman","Yes","White","No","Bachelor’s Degree","No"
"165",165,"R_rezs0Nz17M4oQJb","60fcbe2b7b4649ea3cec1ab3",1,238,5,5,5,5,5,5,5,5,5,5,1,4,1,4,5,4,4,4,5,5,5,5,4,5,5,4,4,5,4,5,4,4,5,3,2,3,4,5,1,2,3,2,4,4,5,4,23,"Woman","Yes","White","No","Bachelor’s Degree","No"
"166",166,"R_11i5p2rxNFkCAK5","5c3f86e85c5fcf0001580f1b",1,163,5,5,5,3,5,5,5,5,5,5,5,5,1,3,5,5,5,5,5,3,5,5,5,5,5,4,5,5,5,5,3,5,5,3,3,3,3,4,5,5,5,5,3,5,5,5,29,"Man","Yes","Asian or Asian American","No","Bachelor’s Degree","No"
"167",167,"R_2TnLHHIOHQYSeGE","5b1eff2f3522660001b4693e",0.800000011920929,186,4,5,5,5,5,5,4,3,5,4,2,5,1,4,4,3,4,4,3,3,4,3,4,5,3,3,5,4,5,5,3,3,4,3,2,3,2,5,3,4,4,2,3,4,5,5,30,"Woman","Yes","White","No","Master’s Degree","No"
"168",168,"R_1n0FjiZGK3nCJTs","5e4a1337aabe8747b041692c",0.899999976158142,194,5,5,5,5,5,5,5,5,5,5,1,5,1,5,5,5,5,5,5,5,3,5,5,5,4,5,5,5,5,5,3,3,5,4,2,1,4,5,4,1,3,1,2,5,5,5,32,"Man","Yes","White","No","High School","Yes"
"169",169,"R_2P6FI2FLGDhvTBt","60fd9503ae873e5130672bc0",1,207,5,5,5,5,5,5,5,4,5,5,1,5,1,5,4,4,3,1,5,4,5,5,5,5,5,5,5,5,4,5,4,5,5,1,3,5,1,5,3,3,2,2,5,5,2,5,23,"Woman","Yes","White","No","Bachelor’s Degree","No"
"170",170,"R_2uvqDMHbOiEBK0l","632259eb84f23e6068fcf518",0.899999976158142,273,5,5,5,5,5,5,5,5,5,5,2,4,1,5,5,4,5,4,4,4,4,5,5,5,4,4,5,5,3,5,4,4,5,3,1,1,5,5,4,1,2,1,1,5,3,4,43,"Man","Yes","White","No","Bachelor’s Degree","No"
"171",171,"R_3KphJG0aWKs60Y4","5bea832a4fbb6f00017ea3e9",1,240,5,5,4,4,4,5,4,4,5,5,1,5,1,3,5,4,2,2,4,2,5,4,4,5,1,1,5,5,5,5,5,5,5,1,1,5,1,5,1,2,4,2,5,5,1,5,36,"Man","Yes","Black or African American","No","High School","No"
"172",172,"R_3NywTlakwmD6eBT","5ea1119c737ba611c77c0b77",0.899999976158142,359,1,1,3,5,5,2,1,1,4,4,1,3,1,NA,3,1,1,1,1,1,5,1,4,3,2,2,4,4,4,3,2,5,2,1,3,4,1,2,2,4,4,2,5,3,3,3,25,"Woman","Yes","White",NA,"Bachelor’s Degree","No"
"173",173,"R_2EsC4tuOIIvixx7","5b76ce43bfc4cb0001f2c4c3",0.899999976158142,180,4,5,5,5,5,4,5,4,4,4,2,5,1,4,4,4,5,4,4,4,4,4,4,5,5,4,2,4,5,4,4,4,4,2,2,1,4,4,2,1,2,2,2,4,4,4,50,"Woman","Yes","White","No","Associate’s Degree","No"
"174",174,"R_st9UtiVzrqN2tgJ","63d7c7cc6818efd3fd8dfc80",0.899999976158142,479,1,5,4,4,5,3,5,4,5,5,5,4,1,2,5,1,1,1,3,4,4,3,3,4,4,4,1,5,5,5,4,5,4,1,4,5,1,4,1,5,4,4,5,4,4,5,51,"Woman","Yes","White","No","High School","No"
"175",175,"R_6Q0xodYLK5jYUox","5485df6efdf99b416d19fe90",0.899999976158142,316,3,5,4,4,5,4,3,3,5,5,3,4,1,4,4,2,4,4,3,4,4,4,3,4,1,2,4,4,5,4,2,4,5,2,1,1,3,4,2,3,3,3,3,4,1,4,50,"Man","Yes","Asian or Asian American","No","Bachelor’s Degree","Yes"
"176",176,"R_27x5hlD3KL7ejcS","63fa78f21e485a372c6528fa",0.899999976158142,327,4,5,5,5,5,5,NA,4,4,4,3,4,1,4,5,4,4,4,2,4,5,5,4,5,4,4,5,4,5,4,4,4,4,4,3,3,4,5,3,2,3,2,3,5,4,4,51,"Man","Yes","White","No","High School","No"
"177",177,"R_2pJn3gEJNRqtSf6","5e175705cfe8dc000b559793",0.800000011920929,274,3,4,2,2,2,2,1,1,4,2,4,4,1,NA,2,1,1,1,1,1,4,1,3,4,1,2,4,3,4,4,2,2,3,3,2,3,2,2,1,5,4,2,4,4,2,3,45,"Man","Yes","White","No",NA,"No"
"178",178,"R_piwGwTVQ380nDR7","644af3263650e8dd9d942487",0.899999976158142,311,4,5,4,3,5,4,4,4,5,4,3,3,1,4,5,3,5,4,4,4,5,4,5,3,2,2,5,5,3,4,3,4,5,3,2,2,3,4,3,3,4,2,3,5,3,3,53,"Man","Yes","White","No","Bachelor’s Degree","I don’t know"
"179",179,"R_72la6FT5Huna0IV","5c1edaeaafeeef00011588b3",0.800000011920929,159,5,5,5,5,5,5,5,5,5,5,1,5,1,5,5,2,5,5,5,5,4,5,5,5,5,5,4,5,5,5,4,5,5,2,2,1,2,4,3,2,1,1,3,5,5,5,28,"Man","Yes","White",NA,"Master’s Degree","No"
"180",180,"R_2s0G2tQ3QBPATSt","58477607f1b9b3000192bb01",1,507,4,5,5,4,5,4,3,3,5,4,4,3,1,4,4,2,NA,3,2,3,4,NA,4,4,4,4,4,4,4,4,5,5,4,2,2,3,4,4,1,3,3,2,4,4,2,4,NA,"Woman","Yes","White","No","Bachelor’s Degree","No"
"181",181,"R_2YtdRqpUKUuqWk0","5712a503ba4da20011c0132f",0.899999976158142,253,1,5,3,4,3,2,1,1,3,3,2,3,1,3,2,2,1,2,1,1,5,1,3,3,2,3,4,3,4,4,4,4,4,2,3,3,2,3,1,5,3,3,5,3,1,3,39,"Man","Yes","White","No","Master’s Degree","No"
"182",182,"R_3gNwe8dKE38oY1B","6377f66842f176507f4679a2",0.899999976158142,658,4,5,5,5,5,4,4,4,5,4,2,5,1,3,4,1,4,3,2,4,4,3,4,5,4,4,5,5,5,5,4,5,5,3,4,4,4,4,1,2,2,3,4,5,1,4,55,"Woman","Yes","White","No","High School","No"
"183",183,"R_2qpEMXcgoOKBfqu","5be42f3b98f5f40001a994f4",1,282,5,5,5,5,5,5,4,4,5,5,1,5,1,4,5,4,4,4,4,4,4,5,5,3,3,3,5,4,4,5,4,4,4,4,2,1,2,5,1,2,2,1,2,4,3,5,65,"Man","Yes","White","No","Bachelor’s Degree","No"
"184",184,"R_xgEsBYGZ815eMLv","63d1462855a43c2aa551bda2",1,223,4,5,4,5,3,5,4,3,5,5,1,4,1,3,5,3,3,3,4,3,5,4,5,4,4,5,5,5,5,5,3,5,5,3,1,2,3,5,3,2,2,2,4,4,4,5,31,"Man","Yes","White","No","Bachelor’s Degree","No"
"185",185,"R_UlS2qzcVrYJAmIh","5c873649fff8430016e9aa7a",0.800000011920929,216,4,5,3,2,3,3,4,3,4,4,2,4,1,4,4,3,2,3,3,3,5,3,4,4,3,3,4,4,5,4,4,4,4,3,2,5,2,3,2,4,4,3,4,4,4,4,28,"Woman","Yes","Latine or Hispanic","Yes","Bachelor’s Degree","No"
"186",186,"R_3fHPOMytioc5xS7","65242054a6033b16e9aa9a7f",1,256,4,5,5,4,5,4,4,3,5,5,2,4,1,2,2,4,2,2,3,2,4,3,3,4,4,4,4,5,5,5,4,4,5,2,4,3,1,5,3,4,3,2,5,4,1,4,NA,"Woman","Yes","White","No","High School","No"
"187",187,"R_tMbKYQkltUSuuIN","63a1ae117fa485cabe593f2a",0.899999976158142,442,4,5,5,5,5,5,3,3,5,5,4,4,1,3,5,2,1,3,3,3,5,4,4,5,5,4,4,5,3,4,4,4,5,2,4,3,3,5,3,3,3,3,3,3,3,4,55,"Woman","Yes","Latine or Hispanic","Yes","Bachelor’s Degree","No"
"188",188,"R_Z9shwPCZ3NzAwV3","5fc7e4142a10490c47936a64",0.899999976158142,268,4,5,5,5,5,5,5,3,5,5,2,4,1,4,5,4,3,5,4,3,4,4,4,5,5,5,5,5,5,5,5,5,5,3,2,1,5,5,4,1,1,1,2,5,3,3,32,"Woman","Yes","White","No","Bachelor’s Degree","Yes"
"189",189,"R_bjYQNep6DYQgQMh","5e0d6dee4f40fb4f60fc0494",0.899999976158142,286,2,3,3,1,3,5,1,3,5,3,4,4,1,NA,2,4,1,1,1,3,5,1,3,5,4,4,3,3,4,5,4,3,4,2,3,5,1,3,1,3,4,4,5,4,4,2,31,"Woman","Yes","Black or African American","No","Bachelor’s Degree","No"
"190",190,"R_5bzLWrtUtNQQgTL","583b16903d6baa00011999aa",0.899999976158142,247,5,5,5,5,4,5,5,4,5,5,2,4,1,5,5,5,5,5,5,5,4,5,5,5,5,4,5,5,5,2,4,4,2,2,2,1,4,4,2,4,4,2,1,5,2,4,33,"Man","Yes","White","No","High School","No"
"191",191,"R_1fjRPvsbqbJ0TtD","5b048161a34d3800019c99c4",0.899999976158142,198,3,5,5,5,5,3,3,3,5,5,5,5,1,NA,5,2,1,2,3,3,4,3,3,3,3,3,2,3,5,3,5,5,5,1,4,5,1,4,3,4,3,3,5,1,4,5,33,"Man","Yes","White","No","Bachelor’s Degree","No"
"192",192,"R_1P5XKrdm3LyFr4Y","65254e99b0d9f4503489b08a",1,524,4,5,3,NA,4,4,3,3,4,2,3,5,1,3,2,2,3,4,2,2,4,4,3,4,4,3,4,4,5,4,3,3,3,4,3,3,4,4,3,3,4,3,4,5,4,4,32,"Woman","Yes","Asian or Asian American","No","High School","No"
"193",193,"R_31c1l8OyALjP6CH","61081c256a9c078ceb6c6439",0.899999976158142,466,4,5,4,4,5,4,4,4,4,4,2,4,1,2,4,3,1,2,3,3,4,3,4,5,4,3,4,4,4,5,5,5,4,3,3,3,3,4,2,2,3,2,4,3,3,4,25,"Woman","Yes","White","No","Bachelor’s Degree","No"
"194",194,"R_3PYqb1kRFZVMsQw","64707fd9bca46372e3a80468",1,705,5,5,5,5,5,5,5,5,5,5,4,4,1,5,5,5,3,4,5,5,5,5,5,5,1,1,5,5,5,5,5,5,5,4,1,1,4,5,5,3,1,1,1,5,1,5,45,"Woman","Yes","White","No","Associate’s Degree","Yes"
"195",195,"R_3hszDczOEIRcfee","5e9914c1fbefef156abebcd1",0.899999976158142,298,2,5,5,5,5,1,2,1,5,5,1,3,1,2,3,2,3,2,2,3,5,3,3,5,4,4,4,5,3,4,5,5,5,2,4,4,2,3,2,2,4,4,4,4,5,4,36,"Man","Yes","White","No","Bachelor’s Degree","Yes"
"196",196,"R_3mmHbUB1fbxhwrg","5f50732850c7c600098593df",1,421,4,5,3,2,3,3,2,3,3,3,5,2,1,NA,3,3,1,3,3,3,5,3,3,3,1,2,3,3,3,3,3,3,4,3,3,4,3,3,3,5,3,2,3,3,2,3,24,"Man","Yes","Black or African American",NA,"High School","No"
"197",197,"R_1hHaw8lSlSqFFYY","5c7f2dc436ad0a00110bb122",0.899999976158142,311,4,5,3,3,3,4,4,4,4,4,3,3,1,4,4,4,5,5,4,4,3,5,4,4,3,3,4,4,3,3,4,3,5,4,1,2,4,5,4,3,3,3,2,4,2,3,38,"Man","Yes","Asian or Asian American","No","Associate’s Degree","Yes"
"198",198,"R_31YizjdcXre73c1","622a426e8900cf2b495353e8",1,307,5,5,4,2,4,2,4,4,5,5,1,3,1,2,5,3,1,1,4,4,5,3,5,5,5,2,4,5,5,5,4,4,5,3,2,5,1,4,1,3,3,1,5,5,2,5,54,"Woman","Yes","Black or African American","No","Associate’s Degree","No"
"199",199,"R_2ALI2afMrUwT4Xw","5c75471e5eb59f000131c7a4",1,156,5,5,5,5,5,5,5,5,5,5,1,5,1,5,5,5,2,5,2,4,5,5,5,5,4,2,5,5,5,5,3,3,5,4,2,1,5,5,5,2,4,1,1,4,4,5,40,"Woman","Yes","White","No","Master’s Degree","No"
"200",200,"R_2Tq0rn4n4zwSLnT","611688156f6d22853511ffb3",0.899999976158142,255,5,5,5,5,5,5,3,3,4,5,2,4,1,NA,5,1,1,2,3,1,4,3,5,5,2,2,5,3,5,5,4,3,5,1,2,NA,1,2,1,2,1,1,5,5,1,5,22,"Man","Yes","White","No","High School","No"
"201",201,"R_5gRnaI2EjFR9zX3","608e875414e027cb3b277df1",0.899999976158142,328,4,5,4,4,5,4,4,4,4,4,4,4,1,4,5,4,5,5,4,5,4,5,4,4,4,4,5,4,5,4,4,4,4,4,2,1,5,5,4,4,4,1,2,4,4,4,27,"Woman","Yes","Asian or Asian American","No","Bachelor’s Degree","No"
"202",202,"R_3lR2zQu9iOsLp8C","631391a8bd6c211d074ef5f6",0.699999988079071,351,5,5,5,5,NA,5,5,5,4,5,2,5,1,5,5,5,5,5,5,5,5,5,5,5,5,5,5,5,5,5,5,5,5,4,2,1,5,4,5,1,2,1,1,5,4,5,41,"Man","Yes","White","No","Bachelor’s Degree","No"
"203",203,"R_12ncLvrmFhAnTrF","60a55d4bb6bd9be6c95b89eb",1,344,3,5,5,4,5,3,3,3,4,3,2,3,1,3,3,3,2,2,3,3,3,3,4,3,3,3,3,5,4,5,4,5,5,3,3,2,3,3,3,3,3,2,3,4,3,5,28,"Woman","Yes","White","No","Master’s Degree","No"
"204",204,"R_3qvxcdC8gK3Owcp","63ee5e103b44d07673cc8bd6",0.899999976158142,77,4,5,1,2,2,2,2,2,1,1,3,2,1,3,2,4,2,2,1,2,2,3,4,4,4,2,3,4,2,2,NA,3,2,2,NA,2,3,4,2,4,1,1,3,4,1,3,22,"Woman","Yes","Asian or Asian American","No","Bachelor’s Degree","No"
"205",205,"R_3oz6nTvPMWtmCBV","5c2fae74d76cde0001c11590",0.899999976158142,222,2,5,5,5,5,4,4,3,4,4,4,4,1,2,3,3,2,3,2,2,4,3,4,4,4,2,3,4,5,4,4,4,4,2,3,4,3,4,1,3,4,2,4,4,3,5,51,"Man","Yes","White","No",NA,"No"
"206",206,"R_3OqpeuLvhcm1xSV","5efb5f77ef19f50a68564191",0.800000011920929,894,4,5,5,5,5,5,4,3,5,3,2,5,1,5,5,4,3,3,3,2,5,3,4,5,4,4,5,5,5,4,5,4,5,1,1,3,1,5,1,4,4,2,5,4,4,5,39,"Man","Yes","White","No","Professional Degree (J.D., M.D., etc.)","No"
"207",207,"R_3jSsPPXQO29iE7W","641b75662ac773952a58da70",0.899999976158142,237,1,4,5,2,5,1,1,1,5,4,5,4,1,5,1,2,1,1,1,1,NA,1,5,5,2,2,4,4,4,5,5,4,5,1,4,5,1,2,1,5,5,2,5,4,4,2,19,"Man","Yes","White","No","High School","No"
"208",208,"R_3qpKwCq6btTYTOj","57656f6c2bfddf000125cce5",0.800000011920929,458,5,5,4,4,5,5,4,4,5,4,2,5,1,2,3,3,2,3,3,3,5,4,3,4,4,4,5,4,4,4,4,4,4,2,3,4,4,4,2,4,4,3,4,5,2,3,38,"Man","Yes","White",NA,"Master’s Degree","No"
"209",209,"R_1jP9TKDUzmDXqNU","652bf5e58ee808a3911cb527",0.899999976158142,437,1,5,1,1,3,1,1,1,3,3,3,3,1,NA,1,5,1,3,1,1,5,1,1,3,1,1,1,1,5,1,1,2,3,1,3,3,1,3,1,1,5,3,4,4,1,3,55,"Woman","Yes","White","No","Associate’s Degree","No"
"210",210,"R_2uTFCwGQfM5n1jE","62fc22181e486f654fd3b139",0.800000011920929,360,4,5,5,5,5,5,5,4,5,4,1,5,1,4,5,2,4,4,4,4,3,4,5,5,4,3,4,5,4,3,5,5,5,2,2,2,2,4,3,1,2,2,2,4,4,5,69,"Woman","Yes","White","No","Bachelor’s Degree","No"
"211",211,"R_2Tw7n38qc3BIgGH","5a8c2da3eea3d300016ea27c",0.899999976158142,305,4,5,5,5,5,5,4,3,5,5,1,3,1,4,5,3,4,4,2,4,4,4,4,4,3,3,4,4,4,3,4,4,4,3,2,2,4,4,2,2,2,2,3,4,3,3,56,"Woman","Yes","White","No","Associate’s Degree","Yes"
"212",212,"R_2s6ytGnI71B5azV","63eec085b1d2e79ac4fbbd78",1,491,5,4,2,5,2,2,1,4,4,1,1,5,1,4,4,4,4,4,5,4,4,4,5,2,4,4,4,1,5,4,3,4,4,4,4,5,1,1,1,4,4,4,1,5,1,4,53,"Woman","Yes","Asian or Asian American","No","Master’s Degree","No"
"213",213,"R_abfOWrTJMMefd9T","60204dc20bebf462370504bf",0.400000005960464,471,3,5,4,3,3,3,4,5,4,5,2,3,1,5,5,2,5,5,3,3,5,4,4,5,5,5,4,5,5,4,5,5,5,4,3,1,4,4,3,2,1,1,2,5,2,5,34,"Man","Yes","White","No","Bachelor’s Degree","No"
"214",214,"R_eFqyoi9aAIDI63v","55c5d75efdf99b255411b190",1,476,3,5,4,2,3,4,3,3,5,4,3,3,1,3,4,3,4,4,3,3,3,3,NA,5,1,1,4,4,3,5,4,4,4,3,3,4,2,3,2,4,4,NA,4,4,2,4,45,"Woman","Yes","Black or African American","No","Bachelor’s Degree","No"
"215",215,"R_YRzT8ucQ9xbEOSl","5955a3eb98c9c400019f5c5f",0.899999976158142,167,1,5,1,1,3,4,1,1,5,5,1,4,1,NA,4,4,1,1,2,1,5,2,5,5,4,3,3,5,5,4,5,5,5,1,2,2,2,3,1,2,1,1,5,5,3,4,27,"Woman","Yes","Black or African American","No","Bachelor’s Degree","No"
"216",216,"R_1jJ2U2TrBG1f2Ub","6134e3d48d0eaa5c8fe8c25e",1,186,4,5,5,5,5,5,5,4,5,5,2,4,1,3,5,5,4,4,4,4,5,4,5,5,5,5,5,5,5,5,4,4,5,3,2,1,2,5,3,1,2,2,3,5,4,5,36,"Woman","Yes","White","No","Bachelor’s Degree","No"
"217",217,"R_73Wumn3IIxzvu3T","60faefcf667e07570bed9dcb",1,304,4,5,5,4,5,5,4,2,5,4,4,4,1,4,5,4,3,4,4,3,5,4,5,5,5,4,5,5,5,5,3,4,5,4,4,2,3,4,3,3,4,2,3,4,4,5,57,"Man","Yes","White","No","Associate’s Degree","No"
"218",218,"R_9v1iCycevpPaRln","574450f63fdc69000e09555d",0.899999976158142,263,3,5,5,5,5,4,4,3,5,5,3,5,1,3,5,3,2,4,3,3,5,3,5,5,4,3,5,5,3,5,3,3,5,3,2,1,3,4,3,1,1,2,5,5,5,5,48,"Woman","Yes","White","No","High School","No"
"219",219,"R_1hTmBRzAxQK4Pm3","5f87dcb62285ab2277e2d15e",0.899999976158142,257,1,5,5,4,5,1,2,1,3,5,4,1,1,NA,5,1,1,1,1,3,5,3,5,3,3,3,5,5,5,5,1,4,5,1,5,5,1,3,4,5,5,2,5,4,1,1,31,"Man","Yes","White","No","High School","No"
"220",220,"R_dccjGe0fcrXEg2R","5b662d96b178a90001d16ea6",0.899999976158142,718,5,5,5,5,5,5,5,4,5,5,2,5,1,4,5,4,5,5,4,3,5,5,5,5,5,4,4,5,4,5,4,5,5,3,3,3,3,4,3,1,2,2,5,5,3,4,39,"Man","Yes","White","No","Bachelor’s Degree","No"
"221",221,"R_3hDYZzaIqueA7W3","5bd0d9bf25db7b0001786a5b",0.899999976158142,208,3,5,5,5,5,4,1,1,3,4,1,5,1,3,5,1,1,1,2,1,5,3,4,5,3,3,5,3,5,4,2,1,5,2,1,4,2,3,1,5,5,4,5,5,4,4,48,"Man","Yes","White","No","Bachelor’s Degree","No"
"222",222,"R_1QARkPyvgZiRAM2","646619d0918746fb726da63e",1,348,4,5,3,3,5,4,5,2,4,3,2,3,1,5,4,2,3,5,3,4,3,3,5,4,3,1,5,3,3,4,4,4,3,3,2,1,4,3,3,1,3,3,1,5,4,4,61,"Woman","Yes","White","No","Bachelor’s Degree","No"
"223",223,"R_1EYS1DypmbLXWVk","5748077a5e5491000e3bf711",1,159,4,5,5,5,5,5,5,4,4,5,3,3,1,3,3,4,3,4,4,4,5,4,4,4,5,4,5,4,4,5,3,3,5,4,3,5,3,3,2,2,4,2,4,4,3,5,23,"Man","Yes","White","No","High School","No"
"224",224,"R_RxGLt7of02vxbhf","5d3cdf40e6e732001b5228c7",0.899999976158142,326,5,5,5,5,5,5,5,5,5,4,2,5,1,5,5,5,4,5,5,5,5,5,5,5,5,4,5,5,5,5,5,5,4,4,1,1,4,5,3,1,2,1,1,5,5,5,29,"Woman","Yes","White","No","Master’s Degree","Yes"
"225",225,"R_2f2kxo6svAzjTUR","64fde27873854fb1419f2c75",1,338,1,4,2,1,2,1,1,1,4,4,5,4,1,2,1,1,2,4,2,1,5,2,2,4,2,4,2,2,2,4,2,4,4,1,2,4,1,1,2,4,4,2,4,5,2,2,36,"Man","Yes","White","No","Bachelor’s Degree","No"
"226",226,"R_28HQildU9KzDPab","6068f6b46ca5311c045943f9",0.899999976158142,156,5,5,5,5,5,4,5,5,5,5,5,5,1,5,5,2,5,4,5,5,5,5,5,5,5,5,2,5,4,2,4,5,4,5,1,2,4,5,5,1,5,1,2,4,5,4,33,"Woman","Yes","Black or African American","No","Professional Degree (J.D., M.D., etc.)","Yes"
"227",227,"R_33araNjPzbU63BL","5727e394c68b5a000e397d8c",1,307,5,5,3,3,3,5,5,5,5,4,3,3,1,4,5,3,3,5,5,5,4,4,4,5,3,3,4,4,4,4,3,3,4,3,2,1,4,5,4,3,3,1,3,5,4,3,38,"Man","Yes","Asian or Asian American","No","Bachelor’s Degree","No"
"228",228,"R_2ya5SSaKbhjfxxr","63383ce105061ac9c94a652a",0.899999976158142,315,4,4,4,4,4,4,4,4,4,4,2,4,1,4,5,4,4,4,4,4,4,4,4,4,2,2,4,4,4,5,4,4,4,4,2,2,4,4,2,2,2,2,5,4,4,4,34,"Man","Yes","White","No","Associate’s Degree","Yes"
"229",229,"R_3ndzVhecgNAg0YE","5c4c7a1a9446be00017e6b4a",0.899999976158142,480,1,5,1,1,1,5,1,1,5,5,5,3,1,NA,3,1,1,1,1,1,5,1,1,5,3,1,4,1,5,5,3,5,4,1,3,5,3,3,1,1,3,5,5,5,5,4,47,"Woman","Yes","Black or African American","No","Associate’s Degree","No"
"230",230,"R_3rTGffOohST8cFU","5fecf6e660d5fba3b127a9c4",0.899999976158142,172,3,5,3,3,3,4,3,3,5,5,3,5,1,3,5,3,3,4,4,3,5,3,4,4,3,3,5,4,5,4,3,4,4,3,3,3,4,3,3,4,3,3,5,5,4,4,25,"Man","Yes","Asian or Asian American","No","High School","No"
"231",231,"R_bknhMlkqsNzQwPT","60566620bb888e88b6c157ee",0.899999976158142,211,3,5,4,3,3,4,3,4,5,4,2,4,1,2,5,4,2,3,3,3,5,3,3,4,2,2,5,3,4,4,3,3,3,3,2,3,4,4,2,4,4,1,2,4,3,4,29,"Man","Yes","White","No","Bachelor’s Degree","No"
"232",232,"R_3F4HxzmArU9j4yz","59fd4a71f5b5a3000139379c",NA,473,3,5,3,3,3,5,5,5,4,3,3,3,1,4,3,3,2,2,4,3,5,4,3,5,5,5,3,3,4,5,4,NA,5,2,2,1,5,4,3,3,3,2,2,5,5,3,32,"Man","Yes","Black or African American","No","Bachelor’s Degree","No"
"233",233,"R_2ZK6ocXASS3Sq23","56e32190e414dc000c8b40ae",0.899999976158142,488,5,5,4,3,3,5,5,5,5,5,1,5,1,5,5,5,5,4,5,5,4,5,5,5,5,5,5,5,5,5,5,5,5,3,1,1,4,5,4,1,2,1,4,3,5,5,32,"Non-Binary, Agender, or Other","No","White","No","High School","No"
"234",234,"R_1g5ENVRvDjBTGf2","65234b38f7ad37c17c9d17e5",0.899999976158142,265,4,5,5,5,5,4,4,1,5,5,1,4,1,4,5,2,4,1,4,4,5,4,5,4,3,3,5,5,4,5,2,2,5,4,1,1,4,5,3,2,3,1,5,5,5,4,40,"Woman","Yes","White","No","High School","I don’t know"
"235",235,"R_2s0Vsu80iqlb2lI","5c144c641f6f1500014950e5",0.899999976158142,205,5,5,5,5,5,5,5,5,5,3,2,5,1,4,5,3,4,4,5,5,4,5,5,4,4,4,5,5,4,5,3,3,5,3,1,2,2,4,2,1,2,2,2,5,4,3,24,"Woman","Yes","White","No","Associate’s Degree","No"
"236",236,"R_3k5tBC5Svy4CSkx","6537cfda934f5038e000fa2b",1,396,3,5,2,2,5,5,3,3,5,5,2,2,1,2,2,1,1,3,3,4,2,3,4,3,3,3,4,5,4,4,4,4,5,2,5,3,1,4,2,3,3,2,3,4,1,4,32,"Woman","Yes","Latine or Hispanic","Yes","Bachelor’s Degree","No"
"237",237,"R_1Oq7gocQhmufbqW","6110b424f33e40556400ea79",1,199,4,5,5,5,5,4,5,3,4,4,2,4,1,4,5,4,4,4,4,4,4,4,4,5,4,4,5,4,3,5,4,5,5,3,2,3,4,3,3,2,2,3,3,5,3,4,33,"Woman","Yes","White","No","Bachelor’s Degree","No"
"238",238,"R_3fkMXepqIgiP7ke","62b060e7ab53ddb4dc2b7eca",0.899999976158142,627,4,5,2,4,4,5,4,2,5,4,2,4,1,2,4,1,5,4,4,4,5,4,4,4,2,2,5,3,5,5,2,4,4,4,2,2,2,4,3,4,4,4,5,5,5,5,30,"Man","Yes","Latine or Hispanic","Yes","Associate’s Degree","No"
"239",239,"R_yluiB01B73HbowF","6277cd4fea5f69868617658b",1,211,2,4,4,4,4,3,2,2,4,4,4,4,1,2,3,2,2,3,2,2,4,2,3,4,3,2,4,3,3,2,4,4,4,3,2,4,2,3,2,4,3,4,5,4,4,4,30,"Woman","Yes","White","No","Bachelor’s Degree","No"
"240",240,"R_rk9tmO0WBdkivzX","60c2cc653d0c6208fc8899fc",0.899999976158142,238,5,5,5,4,5,4,5,5,5,5,2,3,1,4,5,5,3,5,4,5,4,5,5,4,4,4,5,5,5,5,3,5,5,4,2,1,3,5,5,1,4,2,4,4,4,5,31,"Man","Yes","White","No","Professional Degree (J.D., M.D., etc.)","No"
"241",241,"R_2ZEpmrMQCOsp8e8","614dd661c1fb4b13a7e99d64",0.899999976158142,337,3,4,3,3,5,3,1,1,5,3,4,3,1,NA,3,1,1,1,1,1,4,1,1,3,3,3,3,3,5,4,1,4,4,1,5,5,1,3,1,5,3,NA,5,1,1,1,41,"Man","Yes","White","No","High School","No"
"242",242,"R_z1fopr7QPFsI3eh","5c239f96da51990001e21d97",1,352,4,5,4,4,5,3,4,1,5,5,1,4,1,NA,5,2,1,1,1,1,4,1,4,4,1,3,4,5,2,4,4,3,5,1,2,2,1,5,1,5,3,1,5,4,1,4,76,"Man","No","White","No","High School","No"
"243",243,"R_3lzb5zWlL702Gat","5beb63bb42e2b600016fe829",0.899999976158142,212,2,5,5,4,4,4,2,2,4,4,1,4,1,5,4,1,2,4,2,2,5,4,3,5,3,3,5,4,5,4,1,2,2,3,4,2,4,4,2,2,4,2,4,4,4,3,27,"Man","Yes","White","No","High School","No"
"244",244,"R_Bsu2JtbFjmgK4KZ","57af9cdda169b50001a434e3",1,295,3,1,4,4,3,4,3,3,3,5,1,5,1,4,3,4,5,5,3,4,4,4,4,5,4,3,5,2,4,5,4,5,5,4,1,4,5,4,3,4,4,1,3,5,4,4,42,"Woman","Yes","White",NA,"Master’s Degree","No"
"245",245,"R_2ZOLZpYk81kf5mv","5f579cc797c3ee2607f6e344",1,219,5,5,5,5,5,5,5,5,5,4,1,5,1,5,5,5,5,4,5,5,4,4,4,5,5,3,3,5,4,5,3,4,2,2,1,3,1,5,3,1,1,3,4,4,4,5,28,"Woman","Yes","Multiracial","No","High School","No"
"246",246,"R_1gOYOlgy8C2n9qU","5a78dbb9ae9a0b0001a97212",0.899999976158142,244,5,5,5,5,5,5,5,4,5,5,3,4,1,3,5,3,4,2,5,4,NA,4,5,5,5,5,4,5,5,3,5,5,5,2,4,3,3,5,3,2,3,3,4,4,5,4,36,"Man","Yes","White","No","Bachelor’s Degree","No"
"247",247,"R_3IZnKZYSPyl1BO9","611bd6da73757bf5ad0ced0a",1,178,2,5,5,5,5,4,2,4,5,5,1,5,1,2,5,2,2,4,2,2,5,4,4,4,4,4,5,4,5,5,4,5,4,2,4,4,2,5,1,2,2,1,5,5,4,5,31,"Woman","Yes","White","No","Master’s Degree","No"
"248",248,"R_swkdJVLHyyhapUd","5dabd2828a78c7001c59eb82",1,127,4,5,5,5,5,5,4,4,5,5,4,5,0,4,5,5,5,4,5,4,4,4,5,4,5,5,4,4,4,3,4,5,5,4,5,NA,4,4,4,5,5,5,5,4,4,5,26,"Woman","Yes","White","No","High School","No"
"249",249,"R_3MxqPRAKBcItV1P","6151c93f62e26ed6871a5fbd",1,294,5,5,5,5,5,5,5,4,5,5,2,5,1,4,5,4,2,2,4,4,4,4,5,5,5,4,5,5,5,5,5,5,5,4,2,1,5,5,5,2,2,1,3,2,4,4,51,"Man","Yes","White","No","Bachelor’s Degree","No"
"250",250,"R_1NyIlwQpshcJ3bk","652bec7edafaf7eb52260adc",1,488,3,5,3,3,3,5,4,4,4,4,4,3,1,2,3,5,2,4,2,2,5,4,4,3,1,3,5,3,5,4,2,4,4,3,2,4,4,3,1,5,4,2,5,5,1,4,35,"Man","Yes","Asian or Asian American","No","Associate’s Degree","No"
"251",251,"R_2whRXha4yWUEDWM","5ddcd77f23f9f1c2c45d6c18",0.899999976158142,444,5,5,5,5,5,5,5,5,5,5,1,5,1,5,5,4,5,4,5,5,4,5,5,5,5,3,5,5,4,5,4,4,5,4,2,3,3,5,3,3,3,1,3,5,4,5,69,"Man","Yes","White","No","Associate’s Degree","No"
"252",252,"R_ahDQxj0vraYbtvz","60493e65aba91587246602a2",0.899999976158142,221,4,5,4,4,4,4,3,3,5,4,2,4,1,3,3,3,4,4,4,4,4,4,4,4,3,3,4,4,5,3,3,3,4,3,3,2,2,4,3,2,2,3,3,4,4,4,70,"Man","Yes","Latine or Hispanic","Yes","Bachelor’s Degree","Yes"
"253",253,"R_8uYif1fhiSI8XjX","5fa07feab55a2a0cb4811aec",0.899999976158142,327,5,5,5,5,5,5,5,4,5,1,3,5,1,5,5,2,4,4,4,5,5,5,4,5,5,4,4,5,5,4,2,4,5,2,2,2,5,5,1,2,2,2,2,4,4,5,35,"Woman","Yes","White","No","Other option not represented here","Yes"
"254",254,"R_3iClL7BAIzi8Njn","60ff5b9ae8095935c35ea618",1,209,5,NA,5,5,5,5,5,5,5,5,1,5,1,5,5,3,5,5,5,5,4,5,5,4,3,3,5,5,4,3,4,4,5,4,1,3,5,5,3,1,1,1,1,5,3,5,38,"Man","Yes","White",NA,"Doctorate Degree (PhD, PsyD, etc.)","No"
"255",255,"R_3q7hRiexbff1wQG","5c2844f42c45d40001493efd",0.899999976158142,804,3,4,3,3,3,3,4,3,4,3,5,3,1,3,3,3,2,4,3,3,5,4,3,4,3,3,4,5,5,3,4,4,4,4,2,3,4,3,2,3,5,1,3,5,3,3,41,"Man","Yes","Black or African American","No","High School","No"
"256",256,"R_2VPBPzjJC9RneuX","62a733deec84f43ab19f7cca",0.899999976158142,611,4,5,2,2,2,2,4,4,2,4,2,4,1,4,4,2,4,4,2,2,4,2,4,4,4,4,4,4,4,4,4,4,4,4,2,2,4,4,4,2,2,2,2,4,4,2,26,"Woman","Yes","Asian or Asian American","No","Bachelor’s Degree","No"
"257",257,"R_2TXgPcnkbHtNrIw","62d6bb8e4013eafa3dfd8fc2",0.899999976158142,245,4,5,4,3,5,4,4,3,4,5,3,4,1,3,2,4,3,4,4,3,4,4,5,5,4,4,5,5,4,5,3,3,4,4,2,2,4,4,4,4,4,2,2,5,4,4,25,"Man","Yes","White","No","Master’s Degree","No"
"258",258,"R_beY5e8kd4DxkWDn","5fca97a4b105427256733533",0.400000005960464,135,3,3,3,4,3,3,5,3,4,2,5,3,1,NA,3,1,4,4,3,3,4,1,2,4,1,3,3,2,5,4,3,4,4,1,3,5,1,2,1,3,4,3,5,5,3,4,44,"Man","Yes","Asian or Asian American","No","Bachelor’s Degree","No"
"259",259,"R_prOvq7XouOtVWud","559ecce6fdf99b16653fb880",1,265,3,5,4,2,3,4,3,3,5,4,1,4,1,3,3,2,1,3,3,3,4,3,3,5,4,4,5,4,4,5,2,3,1,3,1,2,3,4,3,4,4,2,5,4,1,2,30,"Man","Yes","White","No","Bachelor’s Degree","No"
"260",260,"R_1CC7j0Bc0a0YyVX","5ec59e86c9569f5e8000717b",0.800000011920929,318,2,5,3,2,2,4,3,4,4,4,3,5,1,2,4,2,3,1,2,2,4,2,3,4,4,2,3,3,2,3,3,2,4,2,4,3,2,3,1,2,4,4,4,1,4,4,37,"Woman","Yes","Asian or Asian American","No","Master’s Degree","No"
"261",261,"R_3gXFOVj8ze02wMe","601251b1e6bbae2889cf29e9",0.899999976158142,472,5,5,5,4,5,5,5,5,5,5,1,5,1,3,4,2,3,4,5,5,5,5,5,5,5,3,5,5,5,5,5,5,5,4,2,1,4,5,4,2,3,2,4,5,3,4,43,"Man","Yes","White","No","High School","Yes"
"262",262,"R_1N9NbLXet9KiztR","5d18251e19c4900016c01035",0.899999976158142,405,4,5,3,3,3,4,3,3,5,5,2,4,1,4,4,3,4,4,4,4,5,4,4,5,3,3,5,3,5,4,4,5,4,2,2,2,1,4,1,2,4,2,4,4,5,4,38,"Woman","Yes","White","No","High School","No"
"263",263,"R_1ibo9fy3Exqm39W","6537de52bdf6b82c529ac690",1,472,3,5,3,3,4,4,3,2,5,4,3,4,1,NA,3,2,NA,5,2,3,5,5,3,5,4,4,4,3,5,2,5,4,3,2,3,2,4,5,2,2,3,2,2,5,5,4,25,"Man","Yes","Asian or Asian American","No","Bachelor’s Degree","No"
"264",264,"R_3PY0VU8u20Nof0H","5f5be09e16b98d18b3d213db",1,275,3,5,5,5,5,4,3,4,5,5,2,4,1,2,5,2,2,2,3,2,5,3,5,4,4,3,4,5,4,4,4,5,5,2,2,2,2,5,3,4,4,2,4,4,4,2,27,"Woman","Yes","White","No","High School","No"
"265",265,"R_u55W6feugzQJ7kl","55a43278fdf99b02ff6caf89",1,160,5,5,5,5,4,5,5,5,5,5,1,5,1,5,5,5,5,5,5,5,3,5,5,4,5,4,5,5,3,4,4,5,4,4,1,1,5,5,4,1,3,1,1,5,4,5,37,"Man","Yes","White","No","High School","No"
"266",266,"R_2dvc73pblf8MpxD","62c31e3d37522ffaa26aadc2",0.899999976158142,215,3,5,5,5,5,4,3,3,3,5,3,5,1,3,5,1,5,4,3,5,5,3,5,5,5,3,5,3,5,5,5,3,5,3,3,3,5,3,2,3,3,3,4,4,3,3,41,"Woman","Yes","Black or African American","No","Bachelor’s Degree","No"
"267",267,"R_eewk9N6nu5Lb6XD","5a1980eb5d06850001b00d84",1,280,4,5,3,4,4,4,4,4,5,2,5,4,1,2,4,3,4,3,4,3,4,4,5,4,3,4,4,5,5,5,4,4,5,2,3,3,3,4,2,4,5,2,3,3,4,5,33,"Woman","Yes","Asian or Asian American","No","Bachelor’s Degree","No"
"268",268,"R_2Qss9ZbcgYMKwDR","6110b6be7c4a415bd4b2f10a",0.899999976158142,183,5,5,5,5,5,5,5,5,5,5,2,5,1,4,5,5,2,3,5,3,4,5,5,4,5,5,5,5,5,5,5,5,5,4,2,3,4,5,1,1,1,1,3,5,5,5,23,"Non-Binary, Agender, or Other","No","White","No","Associate’s Degree","No"
"269",269,"R_2rYFBYwBBTIwHlM","60cb71bff8a2183f0d5c659d",0.899999976158142,996,3,5,2,2,3,3,3,5,3,4,3,3,1,5,4,3,3,1,5,3,5,3,3,5,3,3,5,5,5,3,3,3,2,3,3,3,4,3,1,5,5,3,5,4,2,3,27,"Woman","Yes","Black or African American","No","Bachelor’s Degree","No"
"270",270,"R_1d5MNhvGN3LgWPF","60a7d7b70d3cf8f48a8a490d",0.899999976158142,327,5,5,4,2,4,5,5,5,4,5,1,3,1,5,5,5,2,5,5,5,5,5,5,5,3,3,5,5,4,4,2,2,5,5,1,1,5,3,5,2,2,1,2,4,5,3,34,"Man","Yes","White","No","Bachelor’s Degree","Prefer not to say"
"271",271,"R_2aVPfCE0irIoQoZ","62d6d903bfa2edd3d7f58d82",0.899999976158142,301,4,5,5,5,5,5,3,3,5,5,1,5,1,4,5,3,4,4,3,3,5,3,5,5,4,3,4,5,5,5,5,5,5,3,2,2,3,4,1,2,3,3,4,3,4,5,50,"Woman","Yes","White","No","High School","No"
"272",272,"R_2zjOiReA6e3aelV","60f8b9a76a790915df2557ff",1,259,4,5,4,4,5,4,4,3,4,4,2,4,1,3,5,3,3,3,3,3,4,3,5,4,4,4,4,4,4,4,4,4,4,3,1,3,3,4,3,3,3,2,3,3,4,4,47,"Woman","Yes","White","No","Bachelor’s Degree","No"
"273",273,"R_3nHs3KOIpLoSXyp","5b2919c08c745200013b7c71",0.899999976158142,305,2,4,3,4,4,4,3,2,4,4,3,4,1,4,2,2,3,2,2,2,5,3,4,4,1,1,4,4,4,2,3,3,3,2,3,3,2,4,1,3,3,3,4,4,4,2,38,"Woman","Yes","White","No","Bachelor’s Degree","No"
"274",274,"R_vq55FhvGKzCpKkV","5dd31c4a92371d32f2fa607a",0.899999976158142,300,4,5,5,5,5,4,4,4,5,4,3,3,1,3,4,4,3,3,4,3,4,4,5,5,5,5,4,4,4,4,5,5,4,3,4,3,4,4,3,3,4,3,4,4,3,4,38,"Non-Binary, Agender, or Other","Prefer not to say","Multiracial","No","Bachelor’s Degree","No"
"275",275,"R_1ounEvgnHzYNqaX","62c2f70f10a2a5cf48c9ab2f",0.899999976158142,174,5,5,5,5,4,4,5,4,5,4,2,5,1,4,5,5,2,4,4,5,5,5,4,4,3,4,5,5,4,4,5,5,4,2,3,3,4,4,3,2,3,3,4,5,4,5,27,"Man","Yes","White","No","Bachelor’s Degree","No"
"276",276,"R_DjDnJ0dTN8qNtOp","610975e0880ab9e62c819f8d",1,242,4,5,4,4,3,5,4,3,5,5,1,4,1,4,5,5,5,5,3,3,5,5,5,5,5,5,5,5,5,5,4,3,4,5,1,1,5,4,3,3,3,1,1,5,5,5,25,"Man","Prefer not to say","Asian or Asian American","No","Master’s Degree","No"
"277",277,"R_Qib0ajT0ppUzkf7","5db222231ff7b4000ab2cfc1",0.899999976158142,635,4,5,5,5,5,5,5,3,5,5,5,5,1,3,5,1,1,3,5,3,5,3,5,5,3,3,1,5,5,5,4,5,5,1,4,3,1,4,1,5,1,2,5,4,5,5,51,"Woman","Yes","White","No","Associate’s Degree","No"
"278",278,"R_Tdwr570uA2wCbfz","5d1653de3935ca001b87ff71",1,244,4,4,4,2,4,4,4,3,4,4,3,4,1,3,3,2,3,2,2,3,4,4,4,4,2,2,4,3,4,4,3,4,4,3,2,3,2,3,3,4,4,2,4,4,2,2,29,"Man","No","White",NA,"High School","No"
"279",279,"R_2UX9nWoAp0cyohR","6034badeb512f97ce3682dc7",0.899999976158142,275,5,5,5,4,5,5,5,5,5,5,1,5,1,5,5,5,5,4,5,5,5,5,5,5,5,5,5,5,5,4,4,5,5,3,1,1,3,5,3,2,3,1,4,5,4,5,48,"Man","Yes","Multiracial","No","High School","No"
"280",280,"R_3PZ7Qu7TnIUNAHq","63f519601c333d44a17bb35a",0.800000011920929,180,5,5,1,1,1,5,5,4,5,5,5,5,1,3,5,3,5,5,1,2,5,4,5,5,5,5,4,5,5,5,5,5,5,2,3,3,2,5,3,1,1,1,4,4,5,4,19,"Woman","Yes","Latine or Hispanic","Yes","High School","No"
"281",281,"R_2VgtX1GfISndeid","5c8ec999bb6a3c00014acf5f",0.899999976158142,430,2,5,3,3,3,5,2,4,5,5,5,3,1,3,4,1,2,5,4,4,5,4,4,5,3,3,5,4,4,5,4,5,5,4,2,2,4,4,4,4,5,2,4,5,5,2,55,"Woman","Yes","White",NA,"High School","No"
"282",282,"R_C9LFaGLam6fiblv","5a063c2d844c7a00015e477d",0.899999976158142,1068,5,5,5,5,4,5,5,5,5,5,1,5,1,5,5,5,5,5,5,5,5,5,5,5,5,5,5,5,5,5,5,5,3,5,1,1,5,5,5,1,3,1,2,5,4,5,35,"Non-Binary, Agender, or Other","No","White","No","High School","No"
"283",283,"R_1eFDRQ0nPvayGOE","5dbc73047d3d3622bcd31170",1,170,1,3,2,3,4,1,1,1,3,2,5,3,1,NA,1,4,1,1,1,1,4,2,3,3,2,2,2,3,3,3,3,3,3,1,2,4,2,3,1,1,2,3,4,4,3,1,53,"Woman","Yes","White","No","High School","No"
"284",284,"R_3JIBdgZblZPcwG7","5e38d8e9dc4a340fe4a9dd4e",0.899999976158142,144,5,5,5,5,5,4,4,4,4,3,3,3,1,4,5,2,4,3,4,4,4,4,4,4,3,4,4,4,3,4,4,3,5,1,1,3,1,4,2,2,2,3,5,4,4,4,26,"Man","Yes","White","No","High School","No"
"285",285,"R_12Ga8hOGBXMM2jk","612146069bb6dfc53b730795",0.899999976158142,490,4,5,4,4,5,4,4,3,5,4,2,4,1,3,5,4,4,4,2,2,5,3,4,4,2,2,4,4,4,4,4,4,2,2,2,2,1,2,2,2,2,2,4,4,4,4,66,"Woman","Yes","White","No","High School","No"
"286",286,"R_2b0JCe8HQe0oXeO","638bf09f93783f7b1f43dbd0",0.899999976158142,399,5,5,5,5,5,5,5,4,5,5,1,5,1,4,5,3,1,1,2,5,4,5,5,2,3,4,1,5,5,5,5,5,5,1,3,2,1,1,1,5,3,5,5,3,1,5,51,"Man","Yes","Latine or Hispanic","Yes","High School","No"
"287",287,"R_2PzC79A2oEFoupr","5f4813c94e8b081877fb26a6",0.899999976158142,357,2,5,3,2,4,4,2,3,5,5,4,3,1,2,4,2,1,2,1,2,5,2,4,3,1,1,4,3,5,4,2,2,2,4,1,1,2,4,2,4,4,1,5,5,2,4,33,"Man","Yes","White","No","High School","No"
"288",288,"R_WqBwyagyatlhgDD","6155e0bb17662cfd9293bfd5",0.899999976158142,332,4,5,4,3,5,4,5,4,5,5,3,5,1,3,5,3,3,3,3,4,5,5,3,3,4,4,5,5,5,5,4,5,4,3,3,2,3,4,2,2,3,2,3,5,5,5,47,"Woman","Yes","White","No","Bachelor’s Degree","No"
"289",289,"R_2PiJimWUlqEaB73","645ba4996f54b53de4020c00",0.899999976158142,337,4,5,5,4,5,4,4,4,5,4,2,4,1,3,4,3,2,4,4,3,4,4,4,4,4,4,4,4,5,4,3,3,3,3,4,3,1,3,2,3,2,1,5,4,3,4,29,"Woman","Yes","White",NA,"Master’s Degree","No"
"290",290,"R_1OqTEuuXFCvwm5B","5dd034d1fce606114e3bb8e0",0.800000011920929,405,5,5,5,5,5,5,5,4,5,5,4,3,1,NA,4,5,4,3,2,5,5,5,5,5,4,4,5,4,4,5,5,4,4,2,1,1,4,4,3,1,4,2,3,5,5,4,58,"Woman","Yes","White","No","High School","No"
"291",291,"R_vNsfTGUrM6pkHcZ","5cfe7510d987a800178eab1a",1,492,4,4,5,4,5,5,4,3,5,5,4,4,1,2,5,2,2,2,5,5,4,3,4,4,4,3,5,3,5,5,5,5,4,2,1,4,3,4,1,1,2,1,4,3,2,5,36,"Man","Yes","Latine or Hispanic","Yes","Bachelor’s Degree","No"
"292",292,"R_bPGyAKMDecOGzM5","5f3dd31899a9be204ea557f6",1,382,3,3,3,3,4,3,1,1,3,3,2,2,1,3,1,3,2,3,1,1,4,3,3,2,1,1,3,3,2,4,2,2,4,1,1,2,2,3,2,5,4,2,4,4,1,1,51,"Woman","Yes","White","No","High School","No"
"293",293,"R_puUY1rLeVJJ0XxD","5760a995f371330006a47cb3",0.899999976158142,207,4,5,4,5,5,4,5,5,4,5,2,4,0,4,5,4,3,4,3,4,5,3,3,5,5,3,5,3,4,5,5,5,4,3,3,1,3,3,3,3,3,1,2,5,5,4,33,"Woman","No","Asian or Asian American","No","Bachelor’s Degree","I don’t know"
"294",294,"R_0GqZYnRvIgauwAp","63e55808e2a9efc0cd65e879",0.899999976158142,533,3,3,3,1,1,1,1,1,5,5,5,4,1,NA,1,1,1,3,1,1,3,1,1,3,1,1,1,1,4,5,1,4,5,1,5,5,1,3,1,5,5,2,5,4,1,3,68,"Man","Yes","White","No","Less than High School","No"
"295",295,"R_216rQxtg8TNXT9f","63d13cbf71e02c93947766f3",1,927,4,5,5,4,5,5,4,3,5,5,2,3,1,3,5,4,3,3,3,3,5,4,5,4,3,3,4,5,5,4,5,4,4,2,3,3,3,3,3,2,2,4,5,5,3,4,34,"Man","Yes","White","No","High School","No"
"296",296,"R_2zUsfc7zHHzmt2O","6031ceae5e466a1647a29da7",0.899999976158142,182,5,5,5,5,5,5,5,5,5,5,3,5,1,5,5,3,5,5,5,5,5,5,5,5,NA,4,5,5,5,5,5,5,4,4,1,1,3,5,2,1,1,1,1,4,5,5,40,"Man","Yes","Black or African American","No","Professional Degree (J.D., M.D., etc.)","Yes"
"297",297,"R_3LdSAqlF2IB4qfP","62b3871db3c89250c4c19c5c",0.899999976158142,556,3,5,3,2,4,4,1,2,5,5,4,4,1,2,2,3,1,1,3,3,5,3,3,5,5,4,4,4,5,5,2,5,4,2,2,3,3,4,2,4,4,2,4,4,4,3,28,"Man","Yes","Black or African American","No","High School","No"
"298",298,"R_roKpXcfXM1idjBD","59014ee029f42300013cc5b7",0.899999976158142,229,5,5,5,5,5,5,5,5,5,4,1,4,1,2,2,4,2,4,5,4,5,4,4,5,4,4,5,4,4,5,4,5,5,2,2,4,1,5,1,5,5,4,5,5,4,5,36,"Woman","Yes","White",NA,"Associate’s Degree","No"
"299",299,"R_2sbBCnF41AQOhUR","5ed9df4296035b58dce21946",0.800000011920929,250,4,5,5,5,5,4,3,4,5,4,3,4,1,3,4,4,4,3,4,3,4,4,5,4,4,4,4,4,5,4,4,4,5,2,4,3,4,4,4,4,4,4,4,5,4,5,27,"Woman","Yes","Asian or Asian American","No","Professional Degree (J.D., M.D., etc.)","No"
"300",300,"R_27Ox0oNuWb9GG2D","6532ba4ec42b714b73eb38bb",0.899999976158142,291,4,5,3,2,2,2,3,4,5,4,3,4,1,3,4,4,2,4,2,4,5,2,4,4,5,3,4,4,4,4,3,3,4,2,2,4,3,4,2,2,2,2,3,2,3,4,40,"Man","Yes","Asian or Asian American","No","Doctorate Degree (PhD, PsyD, etc.)","No"
"301",301,"R_6R8NsMpfCt9rUqZ","632d11d55b648b951abc3d32",0.899999976158142,298,5,5,5,5,5,5,5,5,5,5,1,4,1,5,5,3,4,5,4,4,5,5,5,3,2,3,5,5,5,5,3,4,4,2,4,3,4,5,2,5,4,2,4,5,1,3,25,"Man","Yes","White","No","Bachelor’s Degree","No"
"302",302,"R_1ONqwUVfsleah5b","60fee6ac4251e521b4546f1d",0.899999976158142,221,2,4,4,2,4,2,2,2,4,4,5,4,1,2,4,2,1,4,2,2,4,2,4,5,4,2,4,4,5,5,4,4,4,2,2,4,1,4,1,2,2,4,4,4,4,4,23,"Woman","Yes","White","No","Bachelor’s Degree","No"
"303",303,"R_2cpzyLjoYin8F9P","60b7bd75af8c92afa748324f",0.800000011920929,241,4,5,5,5,5,5,5,5,5,5,2,5,1,5,5,5,5,5,5,4,5,5,5,4,5,5,5,5,5,5,5,5,5,4,2,1,4,5,2,2,1,2,4,4,5,5,48,"Man","Yes","White","No","Bachelor’s Degree","No"
"304",304,"R_1pm1GsA3rk4OfRV","5febd397ad8fbad21bcd6182",1,191,5,5,5,5,5,5,5,5,5,5,3,5,1,5,5,2,5,5,5,5,5,5,5,5,5,4,5,3,5,5,5,5,5,1,2,5,4,5,3,1,1,4,5,5,4,4,33,"Man","Yes","White","No","Associate’s Degree","No"
"305",305,"R_DemhlCG8pBmxeGB","616ef680ab8ca318a227f5ec",0.899999976158142,259,4,5,5,5,5,5,4,3,5,5,1,5,1,5,5,3,2,4,3,3,5,3,5,5,3,5,5,5,5,5,3,5,5,1,4,2,3,4,1,4,4,3,5,5,4,5,58,"Woman","Yes","White","No","High School","Yes"
"306",306,"R_2XomOBCr7YR1vuB","60fe0b73bbb479e45039b320",1,279,1,4,5,5,5,1,1,1,5,4,4,2,1,NA,2,1,1,1,1,1,5,1,4,4,1,1,1,3,2,5,4,4,4,1,4,5,1,4,1,4,4,2,5,4,3,2,40,"Man","Yes","White","No","High School","No"
"307",307,"R_3rTKNMmulYP1StL","648a2a5cc4f10970c54c8278",0.899999976158142,304,4,4,4,4,5,3,4,4,4,4,2,5,1,2,2,4,1,1,2,2,4,3,5,4,2,2,4,4,2,4,2,2,4,1,4,5,1,4,1,4,4,2,4,4,4,5,52,"Woman","Yes","White","No","Bachelor’s Degree","No"
"308",308,"R_21vrOJ2CsoFSO8Y","5c3ed962c2d0b700017cd343",0.899999976158142,244,3,5,4,4,4,3,3,3,3,3,4,3,1,NA,4,2,1,3,3,1,4,3,3,3,3,3,3,4,4,3,3,4,3,1,3,3,1,3,4,3,3,2,4,4,4,3,30,"Woman","Yes","White","No","Associate’s Degree","No"
"309",309,"R_2Vt4oXAMAGzWbbV","604682ba80d421045184668a",0.899999976158142,300,4,5,5,4,5,4,4,3,4,3,3,4,1,3,5,3,2,3,2,4,4,3,4,4,3,3,4,3,4,4,2,2,4,2,3,2,3,4,2,2,3,2,3,4,4,3,51,"Woman","Yes","White","No","Bachelor’s Degree","No"
"310",310,"R_2VDfd8h49pi0CW9","5d7d6b687edd0e0001f85d7b",1,221,2,5,3,2,3,2,1,3,5,3,3,3,1,2,3,3,4,3,3,2,5,2,3,4,3,3,3,3,5,5,3,4,4,3,4,3,2,3,3,4,4,4,4,4,4,3,26,"Man","Yes","Latine or Hispanic","Yes","High School","No"
"311",311,"R_1FeTpWI4Nyag0Nw","5591cd21fdf99b63126f6c60",1,192,5,5,5,5,5,5,5,5,5,5,2,5,1,5,5,3,5,5,5,5,4,5,4,5,3,3,5,5,4,5,5,5,5,2,2,2,3,4,1,2,3,1,3,5,2,5,31,"Man","Yes","White","No","Bachelor’s Degree","No"
"312",312,"R_22Fant6MMAWbzNC","5f57620f2095071eaf7a8224",0.800000011920929,287,4,3,4,4,5,4,3,3,4,4,2,4,1,3,4,3,4,4,3,4,3,4,4,5,3,3,5,4,5,5,3,3,5,4,3,1,4,4,1,2,2,1,4,4,2,3,25,"Man","Yes","White","No","High School","No"
"313",313,"R_OHl20VxIXc2OTsd","60c56282b8b616780c1012b4",0.899999976158142,204,3,5,5,5,5,5,3,2,5,4,3,4,1,NA,5,3,1,1,4,2,4,3,2,4,4,4,4,4,3,4,4,4,5,1,3,4,3,4,1,4,3,4,5,3,2,4,26,"Woman","Yes","Asian or Asian American","No","Doctorate Degree (PhD, PsyD, etc.)","No"
"314",314,"R_1OMGIkvbKt0cUEY","64447e9e30d89db5da840b90",0.899999976158142,841,4,5,4,4,3,5,5,4,4,5,5,4,1,4,5,2,5,2,3,4,5,4,5,5,5,5,5,5,5,5,5,5,4,2,4,4,2,4,5,5,4,4,5,3,4,5,48,"Woman","Yes","Black or African American","No","Bachelor’s Degree","No"
"315",315,"R_1PYMeQ87JPAiqoN","56b10ae86399f9000ad8d987",0.899999976158142,226,5,5,5,5,4,5,5,3,5,4,4,4,1,4,4,4,4,5,4,4,4,4,5,4,4,4,5,5,5,4,4,4,4,3,2,2,3,5,3,2,3,3,3,4,3,4,44,"Man","Yes","White","No","Associate’s Degree","No"
"316",316,"R_2b1NJ8OioRgMhsO","63ed2115f26baf8010950f68",1,374,4,5,4,4,5,4,5,4,4,4,5,5,1,5,5,5,4,5,5,5,5,5,5,4,4,4,4,5,5,5,1,5,5,4,4,3,5,5,2,5,5,4,2,5,4,4,21,"Man","Yes","White","No","Bachelor’s Degree","No"
"317",317,"R_wZP7DhGLATaLHt7","5b342c9da2982a0001dd9f25",0.400000005960464,239,2,4,4,4,5,3,1,1,4,3,2,3,1,NA,2,2,2,1,1,1,4,2,4,3,2,2,3,3,4,2,3,4,3,2,4,3,2,3,1,4,3,3,5,3,2,4,61,"Man","Yes","White","No","Bachelor’s Degree","No"
"318",318,"R_1K2X2iAZNE6zjxf","5e9f5c69290ef80c286040e5",0.899999976158142,287,3,3,5,3,3,2,1,2,5,3,3,5,1,3,3,3,2,2,2,1,4,2,5,3,3,3,4,5,5,4,4,4,3,2,2,4,2,3,2,4,3,3,5,4,2,4,33,"Man","Yes","White","No","Bachelor’s Degree","No"
"319",319,"R_x2RUyburJ9CuYHn","62ec557954bc435fb9b35517",0.800000011920929,208,3,4,3,3,3,3,3,3,4,3,3,3,1,3,3,4,2,4,4,4,4,4,5,2,3,4,5,5,4,5,4,3,4,5,1,1,5,3,2,3,3,1,4,5,3,4,58,"Man","Yes","White","No","Bachelor’s Degree","No"
"320",320,"R_3MmlDjQiGnarrOT","6121874bf9343fff5be07860",0.899999976158142,164,3,5,5,5,5,5,5,5,5,5,3,3,1,3,5,3,5,3,3,5,5,5,4,5,5,5,5,5,3,5,5,5,5,3,4,3,2,5,3,2,2,2,4,5,5,4,30,"Woman","Yes","Asian or Asian American","No","Bachelor’s Degree","No"
"321",321,"R_3xxJpF9QpNkYoaR","5fb7c9683359973a5ebb4076",0.899999976158142,219,3,4,3,3,5,3,3,1,4,4,1,4,1,2,3,2,1,2,2,1,4,3,3,3,1,1,4,4,3,4,3,4,4,2,3,2,2,3,2,4,4,2,4,3,1,4,44,"Man","Yes","White","No","Associate’s Degree","No"
"322",322,"R_40VQ6TyApS7KRSp","63d18d8eafb7fb418594761a",1,1326,5,5,5,5,5,3,5,5,4,5,1,5,1,5,3,5,1,2,5,1,5,5,5,5,5,5,5,5,5,5,5,5,5,1,2,1,1,5,4,3,3,1,5,5,4,2,35,"Man","Yes","White","No","Master’s Degree","No"
"323",323,"R_ullxzT2OKBY9FLz","63fc425460ebc8ea83407754",0.899999976158142,1548,3,1,1,1,4,1,1,1,5,4,3,3,1,NA,1,1,1,1,1,1,1,1,3,4,3,3,1,2,5,2,1,1,4,1,5,5,1,1,1,1,5,4,5,5,4,3,55,"Man","Yes","Black or African American","No","Bachelor’s Degree","No"
"324",324,"R_1jj1pMvtGllYZwD","62fd4e39539dab80fb5575d1",0.899999976158142,418,5,5,5,5,5,5,5,2,5,5,1,5,1,2,5,1,2,1,1,3,4,2,4,5,3,3,4,3,5,5,5,5,5,1,4,4,1,5,1,4,3,2,5,2,4,5,63,"Woman","Yes","White","No","Other option not represented here","No"
"325",325,"R_2aFiDDTzeuhxhOj","58211fc787f6b90001f13f90",1,223,5,5,5,5,5,5,5,5,5,5,1,5,1,5,5,5,4,5,5,4,5,5,5,5,4,4,5,5,4,5,2,3,5,4,1,1,4,5,3,2,2,1,2,5,4,5,41,"Man","Yes","White","No","Bachelor’s Degree","No"
"326",326,"R_vGoTd62dhPRW4aB","5c4e7dcdd3a5e30001836f82",1,511,5,5,5,5,5,5,4,4,5,5,1,5,1,5,5,5,4,5,4,5,5,4,5,5,4,2,5,5,2,5,5,5,5,3,1,1,2,5,3,1,3,3,4,5,5,5,37,"Woman","Yes","White","No","High School","Yes"
"327",327,"R_28NzYUhlkEGhnPH","645e55f22a5d4cdc6fd7bf23",1,410,1,5,5,5,5,5,4,4,5,5,4,4,1,5,5,4,2,3,3,4,5,1,5,5,5,5,1,5,4,5,3,4,5,1,3,3,1,4,1,4,5,1,5,5,5,5,56,"Woman","Yes","White","No","High School","No"
"328",328,"R_xbmQAfooheYotiN","5f51034ebff4792b71cc6e21",0.899999976158142,339,3,5,3,3,3,5,4,4,5,5,1,3,1,3,5,2,4,5,3,4,5,5,4,3,3,3,5,4,3,5,2,2,5,5,2,1,5,4,3,3,4,1,2,5,4,3,35,"Man","Yes","White","No","Master’s Degree","No"
"329",329,"R_2tui4GrXcEZl8yY","5c8b30af1a9e6500010eabfb",0.899999976158142,313,3,4,4,3,3,2,2,2,4,2,4,4,1,2,2,2,1,3,2,3,5,3,3,5,2,2,4,3,4,4,4,4,4,3,3,4,3,4,1,3,3,2,4,4,2,4,41,"Man","Yes","White","No","Bachelor’s Degree","No"
"330",330,"R_ONma7cmqSRwY5ih","60fdc76f6dce2fbd7fefeb0e",0.899999976158142,188,4,5,5,5,5,5,5,4,4,5,1,4,1,3,5,5,4,3,4,4,4,4,5,4,5,5,5,5,4,5,4,4,4,2,1,3,4,4,3,1,2,1,3,5,4,4,22,"Woman","Yes","White","No","Bachelor’s Degree","No"
"331",331,"R_1Naf1eCyHUy0FWz","5fbd371dc57ae80a38ba00c2",1,517,3,3,4,3,4,5,3,3,5,4,5,5,1,2,5,2,2,1,2,3,5,3,5,5,5,4,3,3,5,5,5,5,4,3,5,5,2,4,2,4,4,3,5,4,3,3,34,"Man","Yes","Multiracial","No","Bachelor’s Degree","No"
"332",332,"R_1EXxtkdinV8mDFR","62839ba4a4ace124f3a3889c",0.899999976158142,297,5,5,4,5,5,5,5,4,5,5,1,5,1,4,5,4,4,4,4,4,5,5,4,5,4,2,3,5,5,4,4,4,4,2,5,4,1,5,2,4,5,1,5,5,1,5,47,"Woman","Yes","Latine or Hispanic","Yes","High School","No"
"333",333,"R_2wQDPrKs9XDRsdi","6400ec6ac6021e7e55bb1b54",0.899999976158142,308,5,5,5,5,5,5,4,4,5,5,2,4,1,4,4,4,4,5,5,5,4,4,4,4,4,4,4,5,5,3,5,5,3,4,2,3,4,5,4,2,2,2,2,5,3,5,29,"Man","Yes","White","No","Bachelor’s Degree","No"
"334",334,"R_OHm0vr6E9TJH6vf","5f6a3e3dbd67e60c184e9bb5",0.800000011920929,285,4,5,5,5,5,4,4,3,5,4,2,5,1,5,5,2,1,2,4,4,5,4,5,5,5,4,5,4,2,5,3,3,5,1,4,3,1,3,1,4,4,5,5,5,5,5,45,"Man","Yes","Latine or Hispanic","Yes","Bachelor’s Degree","No"
"335",335,"R_2ya9Yh1C5odkAM3","5ff51b9e26fd088147de9b26",1,221,5,5,5,5,5,5,5,5,5,5,1,5,1,5,5,5,5,5,5,5,4,5,5,5,5,5,5,5,5,5,4,5,5,4,1,2,4,5,4,2,3,2,2,5,3,5,24,"Woman","Yes","White","No","Bachelor’s Degree","No"
"336",336,"R_3F5mbn4VJEwue1P","611372719c9df98c97e4944f",0.800000011920929,270,4,5,3,3,4,4,4,3,4,4,4,3,1,2,3,4,2,3,4,2,4,2,3,4,4,3,5,4,4,4,3,3,5,4,4,3,4,3,3,4,4,1,4,4,3,4,24,"Woman","Yes","White",NA,"Associate’s Degree","No"
"337",337,"R_3Ht5azEgqpKascN","6015fe4f86fe247906d2fb4c",1,173,1,5,5,5,5,2,1,1,5,4,3,5,1,NA,5,3,1,1,1,1,5,1,1,5,3,3,1,1,5,4,3,3,4,1,5,5,1,3,1,4,4,1,5,5,5,5,48,"Woman","Yes","White","No","Bachelor’s Degree","No"
"338",338,"R_9EvIwTBJFWTVQY1","63bc6e03a6ee3b96041c5e7c",0.899999976158142,731,5,5,5,5,5,5,5,4,5,5,1,5,1,5,5,2,4,5,4,3,4,4,4,4,3,5,5,4,5,5,4,4,5,3,1,2,4,4,2,4,4,2,3,5,5,5,38,"Man","Yes","White","No","Bachelor’s Degree","No"
"339",339,"R_qLcNBFZSDzNVrih","6533ce24376492afbc2bfb2d",0.899999976158142,532,2,5,5,5,5,5,4,4,5,5,4,1,1,5,5,1,4,4,4,3,5,5,3,5,5,3,5,5,5,5,5,5,4,4,1,2,1,4,1,1,1,1,5,5,5,1,41,"Man","Yes","White","No","High School","Yes"
"340",340,"R_CkOrxTwA3a84gKZ","63d5319b4c30d01351b282b9",1,253,4,5,5,5,5,5,5,4,5,5,3,4,1,4,5,3,3,4,4,3,5,4,5,5,5,5,5,5,4,5,4,5,5,1,2,3,3,5,2,3,4,1,5,5,5,5,32,"Woman","Yes","White","No","Bachelor’s Degree","Yes"
"341",341,"R_AL5DByMcG5xUm41","5fc521555cd05b000cfe0998",1,214,5,5,5,5,5,5,5,5,5,5,1,4,1,5,5,5,5,5,5,5,5,4,5,5,5,5,5,5,4,5,5,5,5,4,1,1,4,5,5,1,1,1,3,5,5,4,34,"Woman","Yes","White","No","Master’s Degree","No"
"342",342,"R_3HAHAQDkPFHNMDJ","58e9538908dc910001901f6b",0.899999976158142,499,1,5,1,1,4,4,1,1,4,2,2,2,1,NA,1,5,1,1,1,1,5,1,2,3,1,3,5,1,5,5,1,2,4,1,3,5,1,3,1,5,5,4,5,5,1,3,60,"Woman","Yes","White","No","Master’s Degree","No"
"343",343,"R_vq8hOm56L8TWrUB","5ae59f8cc3c3ab00018f7185",1,227,4,5,5,5,5,4,4,4,5,5,2,4,1,4,5,2,4,4,1,4,5,4,4,5,1,1,4,5,5,5,5,5,5,3,2,3,2,4,3,2,3,2,3,4,4,3,41,"Woman","Yes","White","No","High School","No"
"344",344,"R_3RemohnUwbviW1q","64095bad16a0f16cf1561084",0.899999976158142,248,4,5,5,3,5,5,4,4,5,5,2,3,1,4,4,4,5,2,4,4,5,4,4,4,5,4,4,5,5,5,5,5,5,2,2,1,3,3,2,2,3,1,4,5,4,4,56,"Woman","Yes","White","No","High School","No"
"345",345,"R_3EQhjOL0BwwBgax","63d19ffee31140b650dfef2c",0.899999976158142,507,3,5,4,5,5,5,3,3,5,4,3,3,1,3,3,4,2,3,2,2,5,3,4,4,4,4,4,4,4,4,3,3,4,3,3,3,4,4,3,2,4,2,4,4,4,3,19,"Man","Yes","White","No","High School","No"
"346",346,"R_31zvrqCsbfkTJ4a","5deb3c192235ad24f4a21826",0.899999976158142,232,3,4,4,5,5,5,2,2,5,5,3,3,1,2,5,1,2,1,2,3,4,3,4,4,4,4,5,4,4,4,4,4,4,2,2,4,2,5,3,3,2,2,4,4,2,4,30,"Woman","Yes","White","No","Associate’s Degree","No"
"347",347,"R_1NnBpdiAR5DQnQS","60de263c69ce74cd6a2d11d8",0.899999976158142,240,5,5,5,4,4,5,4,4,5,5,1,4,1,5,5,4,3,4,4,4,5,5,5,5,5,5,5,5,5,5,5,5,5,2,2,1,3,5,2,3,2,2,3,5,2,4,28,"Woman","Yes","White","No","Master’s Degree","No"
"348",348,"R_10CTcA2GwMo4Tsi","5f66893ee1a5b726ff88b66f",0.899999976158142,279,4,4,3,3,3,3,3,2,4,4,4,4,1,3,3,3,2,3,2,4,3,4,4,4,4,4,4,4,4,4,3,4,4,4,3,4,3,4,3,4,4,4,3,4,3,3,39,"Man","Yes","Asian or Asian American","No","Bachelor’s Degree","No"
"349",349,"R_3esj7lIDZ8ct987","627a7fc214142c6f228e84fb",0.899999976158142,251,4,5,5,5,5,5,4,4,5,5,2,4,1,3,5,4,2,3,5,2,4,3,4,4,4,4,5,4,4,4,4,5,4,2,2,3,3,5,3,2,2,2,3,3,3,5,27,"Non-Binary, Agender, or Other","No","White","No","High School","No"
"350",350,"R_2WORsv5Av1GAuUV","62c6ff08253faea76eb548ed",0.899999976158142,990,5,5,5,5,5,5,5,4,5,5,1,NA,1,4,5,4,5,5,4,5,5,5,5,4,4,5,5,5,5,5,4,4,5,2,1,3,4,5,5,2,3,1,2,5,4,3,NA,"Man","Yes","White","No","Bachelor’s Degree","No"
"351",351,"R_d6esH2sMjlJYViN","6100d4108e61dace24b7fd6a",0.800000011920929,266,4,5,5,5,5,5,5,4,5,4,1,5,1,4,4,4,2,5,4,2,5,4,5,5,5,3,5,5,5,5,5,5,5,2,2,2,2,4,2,4,4,1,4,5,4,5,24,"Woman","Yes","White","No","Bachelor’s Degree","No"
"352",352,"R_3nNrYCrz6Npkumv","610047b91150f99de033112c",1,283,4,5,4,4,5,5,5,3,5,4,5,5,1,2,3,1,2,3,4,1,5,4,3,4,4,5,4,4,5,5,3,3,4,2,3,4,3,3,1,4,4,4,5,5,5,4,23,"Woman","Yes","White","No","High School","No"
"353",353,"R_1oF1Wdiqx3bfI78","623537f22ffeb94d58da7a10",0.899999976158142,462,2,5,3,3,5,3,3,3,5,5,4,4,1,2,2,3,1,3,3,2,4,3,4,5,4,2,4,2,2,5,4,4,5,1,2,4,2,4,1,2,2,2,5,4,2,5,51,"Woman","Yes","White","No","High School","No"
"354",354,"R_1QMV6ToAwmheM7M","63d79c3ca0d0c4b632fdc42f",0.899999976158142,348,4,5,5,5,5,5,5,5,5,5,1,5,1,4,5,3,4,5,5,4,5,5,5,5,5,5,4,5,5,5,5,5,5,2,1,1,4,5,3,1,5,2,4,4,5,5,25,"Non-Binary, Agender, or Other","No","White","No","High School","No"
"355",355,"R_1jU2OdtpkYzC6W3","6300a8230671f0e8b0a7b0f4",1,262,4,5,4,5,4,4,4,4,4,4,4,4,1,3,3,3,4,3,5,4,5,4,4,4,3,3,2,4,4,4,4,4,4,3,3,2,3,4,2,3,3,3,3,5,2,4,38,"Non-Binary, Agender, or Other","No","White","No","High School","No"
"356",356,"R_6X2JaSxRWpwsS6R","56a7b5eac89737000b225d0e",0.899999976158142,1406,5,5,5,5,5,5,5,5,4,4,3,4,1,4,5,3,4,5,5,5,4,5,4,4,1,2,4,5,4,4,5,4,5,3,1,1,4,5,3,2,2,1,2,5,5,5,37,"Man","Yes","White","No","Bachelor’s Degree","No"
"357",357,"R_31dE2IBuDfbUyRy","5eb18087e9d94a27f784874b",0.899999976158142,363,4,5,3,3,3,4,4,4,5,4,3,4,1,4,4,4,4,4,4,4,3,4,4,4,3,3,5,5,4,4,3,3,3,2,3,3,2,4,2,2,3,2,3,4,1,4,34,"Man","Yes","White","No","Bachelor’s Degree","No"
"358",358,"R_2ydXbXixpj8tTBH","6356ee35a32f19e14c149cb2",0.899999976158142,474,4,5,5,5,5,5,2,1,5,5,1,5,1,5,2,4,1,4,1,5,5,2,4,5,1,1,5,4,5,4,5,5,5,1,5,4,1,5,1,4,2,4,5,5,4,5,50,"Man","Yes","White","No","High School","Yes"
"359",359,"R_1QMEMJX8e61uTtX","5f4a835e9e84256238129995",1,371,4,5,3,2,3,3,3,3,5,5,5,3,1,3,3,3,3,2,3,3,5,3,3,5,3,3,4,3,5,5,3,3,5,5,3,3,3,3,1,3,3,3,4,4,5,3,32,"Woman","Yes","White","No","High School","No"
"360",360,"R_3JsHpuhciEjRp05","610f188b8ad0a93f6d508cad",0.899999976158142,378,3,4,3,3,4,4,2,2,5,3,3,3,1,NA,3,1,2,1,2,3,3,3,3,4,3,3,4,3,4,4,3,4,4,2,3,4,2,4,2,2,5,3,4,3,2,3,29,"Woman","Yes","White","No","High School","No"
"361",361,"R_2PA5egPmUNNRSDx","5c2c62542c45d400014a32e6",0.899999976158142,188,5,5,5,3,5,5,5,5,5,5,1,5,1,5,5,5,5,5,5,5,5,5,5,5,5,4,4,5,5,5,5,5,5,2,1,1,4,5,3,2,3,1,2,5,5,5,29,"Man","Yes","Asian or Asian American","No","Associate’s Degree","No"
"362",362,"R_qUTud0MxOKE57Z7","60fce0bedbae8b8996c93203",0.899999976158142,420,3,5,5,5,5,5,3,3,4,3,4,4,1,2,3,3,2,3,3,3,4,3,3,2,3,3,1,4,4,5,3,3,4,1,3,3,2,3,1,4,4,3,5,4,3,4,22,"Woman","Yes","White","No","Bachelor’s Degree","No"
"363",363,"R_usJLWTInwt7tZWp","63f87a8c4655faf50e6c445b",0.899999976158142,389,5,5,5,5,5,5,4,4,5,5,1,4,1,4,5,4,4,2,4,5,4,5,5,5,4,4,4,5,5,5,5,5,5,4,2,2,4,5,4,1,2,1,4,4,4,4,24,"Woman","Yes","White","No","Bachelor’s Degree","No"
"364",364,"R_qRsPGuGmm4kpBPr","5eea479c14742d0ad3e11468",0.899999976158142,328,5,5,5,5,5,5,5,5,5,5,1,3,1,5,5,2,5,5,5,5,4,5,5,5,4,3,4,5,5,4,4,5,5,1,2,1,4,5,3,1,1,1,4,5,3,5,34,"Man","Yes","Latine or Hispanic","Yes","Bachelor’s Degree","No"
"365",365,"R_TvX0EUyBBz70myt","5df81cd72713055bdf02efd8",0.899999976158142,326,5,5,5,5,5,5,5,2,5,5,4,5,1,4,5,4,5,5,5,4,4,4,5,4,4,4,5,5,5,4,5,5,5,2,4,4,2,5,2,2,3,3,5,4,1,5,45,"Man","Yes","White","No","Bachelor’s Degree","Yes"
"366",366,"R_exPcrI6uaJSOCSB","62865e3456c142785cfad2a7",0.899999976158142,375,5,5,5,5,5,5,5,5,5,5,1,5,1,5,4,1,5,5,4,5,5,5,5,5,2,2,4,5,5,5,1,5,5,2,1,2,4,5,2,5,5,2,4,5,5,5,30,"Man","Yes","Latine or Hispanic","Yes","High School","No"
"367",367,"R_24BkMhBdP6LIUgS","62b06c1508dfc74f4f38efab",0.899999976158142,425,2,4,5,5,5,1,1,1,5,5,1,2,1,NA,5,3,4,3,1,1,5,1,5,5,3,4,5,5,3,2,5,5,3,1,2,1,2,2,1,4,3,1,5,NA,3,1,36,"Woman","Yes","White","No","Associate’s Degree","Yes"
"368",368,"R_3kuDu9eVnGtaqtE","63d698af12a4d488c5fdf05a",0.899999976158142,496,3,5,3,3,3,5,2,5,4,5,3,3,1,5,5,5,4,5,4,4,3,5,4,3,1,1,5,5,4,4,4,3,4,5,1,1,5,3,5,3,3,1,1,5,3,3,36,"Man","Yes","White","No","High School","No"
"369",369,"R_1d7emgAzkjmWwuL","60b69129f584ee4e38acf2a0",0.800000011920929,439,1,5,5,5,5,4,3,4,5,5,2,4,1,4,5,2,3,4,4,4,5,5,5,4,5,4,2,4,4,4,5,5,5,3,2,4,2,4,1,4,3,3,4,4,2,5,44,"Man","Yes","Black or African American","No","Bachelor’s Degree","No"
"370",370,"R_1DSWFXwaPAsbCvq","5fc30c35704ddd267cc9123f",1,394,1,5,2,5,5,5,1,1,4,2,4,4,1,2,2,2,2,2,1,1,5,2,4,4,4,3,1,2,5,2,4,4,5,1,4,3,3,3,3,5,4,1,5,5,4,4,36,"Woman","Yes","White","No","High School","No"
"371",371,"R_Y3l3q7C5mVd2FSF","6290d34243e9347c40bac608",0.800000011920929,522,3,5,5,5,5,5,5,3,4,5,4,5,1,3,4,3,4,4,3,4,5,4,3,4,5,5,4,3,4,5,3,5,4,2,3,2,2,5,2,4,2,4,5,4,2,5,32,"Woman","Yes","White","No","High School","No"
"372",372,"R_1rd1n83dxlVXM7v","5f3af0d80bf2cb7a4b024a91",1,527,5,5,5,5,5,5,5,5,5,5,1,5,1,5,5,5,5,5,5,5,5,5,5,5,5,4,4,5,5,5,4,5,3,3,2,1,4,5,4,2,2,1,2,5,4,5,31,"Man","Yes","White","No","Professional Degree (J.D., M.D., etc.)","No"
"373",373,"R_2WwngzLhYUf7tnH","5aa9153235237b00011322e9",0.899999976158142,969,5,4,3,3,3,4,5,3,1,5,3,3,1,3,5,3,3,4,5,3,5,5,5,3,4,3,4,5,4,4,4,4,3,3,1,1,5,3,4,3,5,1,1,5,5,3,35,"Man","Yes","Black or African American","No","High School","No"
"374",374,"R_PUGLYW9wYyYwreN","6104f2626b46bd21f1c9a1b3",0.899999976158142,410,4,5,4,5,5,4,3,4,4,3,3,4,1,2,4,2,2,4,4,2,5,4,3,4,3,3,4,3,4,5,4,5,4,4,4,3,4,5,3,4,4,4,4,5,4,5,30,"Man","Yes","Asian or Asian American","No","High School","No"
"375",375,"R_12GfCVPcrGPuWcQ","5fac037f8861fb0f18c0b24d",1,431,5,5,5,5,5,5,5,5,5,5,1,5,1,5,5,4,5,5,4,5,5,5,5,5,2,3,5,5,5,5,5,5,4,3,3,3,4,5,3,3,3,2,3,5,5,5,36,"Man","Yes","White","No","Bachelor’s Degree","No"
"376",376,"R_2s5D8wiMhZkj9Ze","5d913db636ea240014f8cd91",0.899999976158142,518,5,5,5,5,4,5,5,5,5,5,2,5,1,4,5,4,3,5,5,5,5,5,5,5,5,3,5,5,5,5,4,4,5,3,1,1,4,NA,4,1,5,2,3,5,5,5,34,"Woman","Yes","Latine or Hispanic","Yes","Bachelor’s Degree","No"
"377",377,"R_suHFOTuSb9bxkEV","5622e62bed6e5a0011c807b3",0.899999976158142,396,5,5,5,4,5,5,5,5,5,5,2,5,1,3,5,4,5,5,5,4,4,4,4,3,3,4,5,4,4,4,4,4,4,3,3,2,4,4,3,2,3,2,3,3,3,5,35,"Man","Yes","White","No","High School","No"
"378",378,"R_1Kqm1lLXvq5Zy1y","6123ffd66668fe39928e28b0",NA,350,4,5,5,5,5,3,4,4,4,3,1,4,1,4,4,3,3,3,4,4,4,4,3,4,3,3,5,3,5,5,2,3,4,3,4,2,3,4,4,4,3,2,3,5,3,5,36,"Man","Yes","White","No","Bachelor’s Degree","No"
"379",379,"R_1rD3Yd3NSnHQ0se","63460f79457f687948f53b88",1,520,5,5,5,3,5,5,5,5,5,5,5,5,1,3,2,1,2,1,5,4,4,5,5,5,5,5,5,5,5,5,4,4,5,5,5,5,4,5,1,5,3,4,5,4,5,5,33,"Man","Yes","Asian or Asian American","No","Master’s Degree","No"
"380",380,"R_r3B2EajWqhkolSV","5be94f66a169160001dafb9d",0.899999976158142,1991,5,5,5,3,5,5,5,5,5,3,2,4,1,5,5,4,4,5,5,5,3,5,4,4,4,4,5,5,4,5,4,5,3,3,1,3,4,5,3,2,3,2,3,5,3,4,33,"Man","Yes","Black or African American","No","High School","No"
"381",381,"R_11YJ9S75FIQTQGx","61082b103a40b9175eaff908",1,838,5,5,5,5,5,5,5,5,5,5,2,5,1,5,5,5,5,5,4,5,4,5,5,5,5,5,4,5,4,4,5,5,5,4,2,1,4,5,5,2,4,2,2,5,5,5,28,"Woman","Yes","White","No","Bachelor’s Degree","No"
"382",382,"R_31LZXuqN0hgF52j","55ea70c37480920010aa9982",0.800000011920929,811,2,5,3,3,5,1,1,1,4,4,2,4,1,3,1,4,1,1,1,1,4,1,4,4,1,1,4,2,5,4,2,3,2,4,2,4,4,2,1,5,5,2,5,5,1,2,36,"Man","Yes","Black or African American","No","High School","No"
"383",383,"R_78uTEB5QEK5hgKl","5eae37af3ac6885048af8db3",0.899999976158142,580,5,5,4,5,5,5,5,3,5,5,3,4,1,5,5,4,5,4,3,5,5,4,5,5,4,3,5,5,5,5,5,4,4,4,3,1,3,4,3,1,2,2,4,4,4,4,26,"Man","Yes","White","No","Associate’s Degree","No"
"384",384,"R_O3zoLs4MuQpOoh3","5f888a84d0200d03067e17ed",1,695,5,5,2,2,3,5,4,5,5,5,2,5,1,2,4,5,1,5,4,5,4,4,5,2,5,4,4,5,5,4,5,5,5,3,1,2,4,4,4,5,5,1,3,2,4,5,33,"Man","Yes","Black or African American","No","Master’s Degree","No"
"385",385,"R_2qjWDyiOUxfPGcJ","566af48e7da035000fb39c66",1,642,5,5,5,5,5,5,5,5,5,5,3,5,1,5,5,4,2,5,5,3,5,5,3,5,5,3,5,5,5,5,5,5,5,5,2,1,5,4,3,1,3,1,1,5,4,5,52,"Woman","Yes","Multiracial","No","Bachelor’s Degree","Yes"
"386",386,"R_7apwjqw34wjpLbP","5f9d6c8b87770828f1f08fbe",0.800000011920929,1082,4,4,NA,4,5,5,4,3,5,4,2,4,1,2,5,4,2,3,3,2,4,4,4,5,4,4,1,5,3,4,4,4,5,5,1,3,2,3,1,3,2,2,5,4,5,4,36,"Woman","Yes","Black or African American","No","Associate’s Degree","Yes"
"387",387,"R_XgNPRemtXXIGUyl","63d81f3f9fb108f7012ed455",0.899999976158142,696,2,5,2,2,5,2,2,1,5,4,1,4,1,4,4,4,4,4,2,3,4,2,3,5,4,5,5,4,5,5,2,2,1,4,1,1,2,5,1,4,4,1,4,5,1,2,49,"Man","Yes","White","No","High School","No"
"388",388,"R_2B9iKQSq3aES1iR","6363273860dac3a6c83fcbd4",0.899999976158142,816,3,5,4,4,5,4,3,4,5,5,3,4,1,3,4,2,2,2,3,2,4,4,5,4,5,5,5,5,4,5,5,4,5,2,1,4,3,5,3,2,3,2,5,4,3,3,34,"Woman","Yes","White","No","Bachelor’s Degree","No"
"389",389,"R_3nfvK24WOBGDMDN","6272dd2385466cf877e99971",1,1337,3,5,5,5,5,5,4,4,5,5,5,4,1,4,5,3,2,4,3,3,4,5,4,5,3,4,3,4,5,3,4,1,3,2,3,5,1,5,1,2,3,3,5,5,5,5,NA,"Woman","Yes","White","No","Less than High School","Yes"
"390",390,"R_6g97Gcsg94dbkwV","5e5c2320b22c133f86923d14",0.899999976158142,472,5,5,3,3,3,4,4,4,4,5,3,3,1,3,4,3,4,5,5,5,5,5,5,4,4,1,4,4,5,4,4,4,4,2,4,2,2,4,2,4,5,2,3,5,4,3,32,"Man","Yes","White","No","High School","No"
"391",391,"R_2SDAgnQjXqzK8us","6471801682f074f04e9e66cf",0.800000011920929,978,3,5,1,1,1,4,3,1,5,5,4,3,1,2,3,4,2,1,4,3,3,4,5,4,3,4,2,4,3,5,3,5,5,3,4,5,3,1,3,1,4,2,2,4,4,4,51,"Man","Yes","Black or African American","No","Bachelor’s Degree","No"
"392",392,"R_3iw11e4R2dqtDiM","610081ebf9f870b4213e06cb",0.800000011920929,1380,3,4,5,5,5,5,2,4,4,5,5,4,1,3,4,2,3,3,4,4,4,4,4,4,2,2,5,5,5,4,2,1,2,5,1,2,3,4,4,3,3,1,3,5,2,4,26,"Man","Yes","White","No","Bachelor’s Degree","No"
"393",393,"R_3EGzx5aEBvpi73a","62d560526bd2941f33c9dad6",0.899999976158142,2062,3,5,1,1,1,4,3,3,5,2,4,1,1,NA,1,3,4,5,1,5,4,3,4,5,2,1,3,5,4,1,4,5,3,3,5,1,1,5,3,3,5,1,5,5,1,3,31,"Man","Yes","Latine or Hispanic","Yes","Bachelor’s Degree","No"
