"","id","q1","q2","q3","q4","q5","q6","q7","q8","q9","q10","q11","q12","attn","q13","q14","q15","q16","q17","q18","q19","q20","q21","q22","q23","q24","q25","q26","q27","q28","q29","q30","q31","q32","q33","q34","q35","q36","q37","q38","q39","q40","q41","q42","q43","q44","q45","age","gid1","gid2","race","hispanic","ed","sud_hx"
"1",1,5,6,6,6,6,5,6,5,6,6,2,6,3,5,6,5,6,5,5,5,6,5,6,5,5,5,5,5,5,5,5,6,6,3,1,2,4,6,5,1,2,2,3,4,5,6,30,"Woman","Yes","White","No","Master’s Degree","No"
"2",2,4,6,4,3,4,3,3,3,6,4,3,4,3,1,2,3,1,2,1,3,4,1,4,5,4,5,5,2,5,5,5,6,5,1,3,5,2,4,1,5,4,2,6,5,4,1,49,"Woman","Yes","White","No","Master’s Degree","No"
"3",3,5,6,6,6,6,6,5,5,6,6,3,5,3,4,6,5,3,4,5,3,6,5,6,6,6,4,5,6,5,5,6,6,5,6,2,2,4,6,4,3,4,2,3,5,5,6,24,"Man","Yes","White","No","Bachelor’s Degree","I don’t know"
"4",4,5,6,6,6,6,5,6,5,6,6,4,5,3,2,3,4,1,2,5,4,5,5,6,6,6,4,6,6,5,5,5,5,5,4,2,2,2,5,4,2,4,3,6,5,5,5,43,"Woman","Yes","White","No","Bachelor’s Degree","No"
"5",5,5,6,6,6,6,5,6,5,6,5,3,5,3,4,6,4,4,4,6,5,6,5,6,6,6,5,5,6,6,5,6,5,6,5,2,2,4,5,5,4,4,2,3,5,6,5,24,"Man","Yes","White","No","Bachelor’s Degree","No"
"6",6,4,6,4,4,4,4,2,2,6,5,1,5,3,3,3,3,1,2,1,1,4,4,2,6,4,1,5,1,6,6,2,4,6,4,2,3,4,4,2,6,4,3,6,NA,4,6,31,"Man","Yes","Latine or Hispanic","Yes","Bachelor’s Degree","No"
"7",7,3,5,3,3,3,4,3,3,5,4,5,3,3,2,4,3,5,3,2,2,5,2,4,5,4,5,2,5,4,4,4,6,4,3,4,4,2,4,3,3,4,3,4,4,4,4,22,"Woman","Yes","Latine or Hispanic","Yes","Bachelor’s Degree","No"
"8",8,6,6,6,6,6,6,6,6,6,6,1,5,3,6,6,6,6,6,6,6,6,6,6,6,6,6,6,6,3,6,6,6,6,4,1,1,5,6,6,2,3,1,2,6,6,6,31,"Man","Yes","White","No","Associate’s Degree","No"
"9",9,5,5,3,2,3,6,1,2,5,6,4,4,3,1,4,5,3,2,5,4,4,4,5,6,5,3,5,5,4,3,5,5,4,6,3,4,4,4,3,6,5,3,3,5,6,6,36,"Woman","Yes","Asian or Asian American","No","Bachelor’s Degree","No"
"10",10,5,5,5,6,6,6,5,4,5,6,3,4,3,5,5,1,5,6,5,5,6,4,3,6,1,1,5,5,6,5,3,4,6,1,3,6,1,3,1,4,4,6,6,6,1,6,30,"Man","Yes","White","No","High School","No"
"11",11,6,6,6,6,6,6,6,6,6,6,2,6,3,4,6,6,3,4,5,4,6,6,5,6,6,6,6,5,6,6,6,5,6,3,3,2,4,6,2,2,2,2,5,6,4,6,44,"Man","Yes","White","No","Master’s Degree","No"
"12",12,4,4,5,4,5,5,4,4,6,5,4,5,3,4,4,3,3,4,3,4,5,4,6,4,4,4,3,6,5,4,6,6,6,3,3,1,3,5,2,3,3,2,3,4,4,3,52,"Woman","Yes","White","No","High School","No"
"13",13,5,6,6,6,6,6,6,5,6,5,3,4,3,4,5,3,3,4,6,6,5,4,6,6,6,4,5,6,6,5,5,5,6,3,3,3,3,6,3,3,2,1,6,4,6,4,35,"Man","Yes","White","No","Master’s Degree","No"
"14",14,5,6,6,6,6,5,5,2,5,6,4,6,3,2,5,1,1,1,2,3,5,3,3,5,5,3,5,5,6,5,2,2,4,1,4,6,1,4,1,3,3,4,6,4,2,6,33,"Woman","Yes","Latine or Hispanic","Yes","Associate’s Degree","No"
"15",15,4,4,2,3,3,3,2,4,NA,3,2,3,3,3,3,3,3,4,4,4,4,2,5,3,3,3,4,5,3,3,4,3,4,3,3,4,5,3,5,3,5,4,4,4,3,3,29,"Man","Yes","White","No",NA,"No"
"16",16,4,6,6,5,6,4,4,4,5,5,2,4,3,4,3,4,5,2,4,3,6,4,4,5,6,4,4,5,5,5,6,6,6,3,4,2,2,6,3,4,3,2,6,5,5,5,27,"Woman","Yes","White","No","Bachelor’s Degree","No"
"17",17,4,4,4,4,5,5,4,4,6,5,4,5,3,3,4,3,3,4,4,3,6,3,6,4,5,4,4,5,4,5,6,6,4,3,4,4,2,4,3,3,3,2,4,5,4,4,38,"Woman","Yes","White","No","Bachelor’s Degree","No"
"18",18,5,6,6,6,6,6,6,6,6,6,3,5,3,6,6,6,5,5,4,5,6,5,6,6,4,5,NA,6,4,6,5,5,4,6,2,2,5,6,5,3,3,3,2,6,5,6,29,"Man","Yes","White","No","High School","No"
"19",19,6,6,6,6,6,6,6,6,5,5,4,4,3,3,6,4,6,5,5,6,5,6,5,6,5,3,6,6,2,5,4,6,6,4,1,1,5,5,4,3,4,1,3,6,5,4,27,"Woman","Yes","White","No","Associate’s Degree","No"
"20",20,5,6,6,6,6,6,6,5,6,3,3,4,3,6,5,3,6,6,5,6,4,5,6,6,6,2,5,5,6,4,5,5,4,4,2,1,5,5,4,2,2,2,2,6,1,1,31,"Man","Yes","Multiracial","No","High School","No"
"21",21,5,6,6,6,6,5,4,4,6,6,1,6,3,4,6,3,4,2,4,2,NA,5,4,6,5,5,6,5,6,5,4,5,6,2,3,2,1,5,1,2,2,2,6,4,5,4,65,"Woman","Yes","White","No","Master’s Degree","No"
"22",22,6,6,6,6,6,6,6,6,6,6,1,6,3,6,6,6,6,6,6,6,6,6,6,6,6,6,6,6,6,6,6,6,6,4,1,1,4,6,4,1,2,1,2,6,6,6,31,"Non-Binary or Gender Fluid","No","White","No","High School","No"
"23",23,6,5,6,6,6,5,6,4,5,6,5,2,3,5,5,4,5,4,4,4,5,6,5,5,4,5,2,6,4,4,3,4,5,3,2,1,5,5,2,3,2,1,3,5,5,2,34,"Woman","Yes","Multiracial","No","Associate’s Degree","No"
"24",24,4,5,3,3,4,2,4,3,5,6,5,4,3,4,5,3,1,3,4,3,6,4,5,6,4,4,5,5,6,5,5,5,5,2,2,3,4,4,5,4,4,4,4,5,4,3,52,"Man","Yes","White","No","Bachelor’s Degree","No"
"25",25,6,6,6,4,6,6,4,5,6,6,5,6,3,4,4,5,3,4,4,4,5,4,6,6,5,4,6,6,6,6,4,4,5,3,3,2,3,6,3,3,3,2,4,6,6,6,23,"Man","Yes","Black or African American","No","Bachelor’s Degree","No"
"26",26,4,6,6,6,6,6,3,3,6,5,1,4,3,3,6,4,2,3,4,3,5,5,6,6,5,4,6,6,4,6,5,6,4,5,1,1,6,6,4,3,3,1,2,6,1,3,26,"Woman","Yes","Multiracial","No","Bachelor’s Degree","No"
"27",27,4,6,5,6,6,1,1,1,6,6,1,5,3,1,5,6,1,6,1,1,5,3,6,5,6,5,1,6,5,5,6,6,6,1,4,5,1,1,4,6,5,5,6,5,1,6,NA,"Woman","Yes","Black or African American","No","High School","No"
"28",28,3,6,4,4,5,4,4,3,6,5,4,4,3,4,2,1,4,4,3,4,5,3,5,6,4,3,5,5,4,5,3,4,4,2,2,4,3,4,1,5,3,2,6,4,5,4,55,"Woman","Yes","White","No","Master’s Degree","No"
"29",29,NA,6,6,6,6,6,5,5,6,6,6,4,3,4,6,6,3,3,5,4,6,5,6,6,6,6,4,NA,6,6,2,3,6,2,2,3,2,3,2,2,5,3,6,6,6,3,26,"Woman","Yes","White","No","High School","No"
"30",30,5,6,5,5,5,5,5,3,6,4,4,4,3,5,5,5,5,5,5,3,6,6,3,4,5,6,6,5,6,6,5,5,3,5,5,6,3,5,5,5,5,4,4,5,5,4,66,"Man","Yes","White","No","Doctorate Degree (PhD, PsyD, etc.)","No"
"31",31,4,6,6,6,6,6,6,5,6,5,5,6,3,3,6,4,3,5,5,5,6,5,6,5,6,6,5,6,6,5,5,6,6,3,2,2,4,5,3,2,2,2,3,5,5,6,38,"Woman","Yes","Latine or Hispanic","Yes","Professional Degree (J.D., M.D., etc.)","No"
"32",32,4,6,4,4,5,5,5,5,6,6,1,5,3,6,6,5,3,6,4,4,6,4,4,6,4,4,5,5,5,6,5,5,6,3,3,3,4,5,3,2,2,1,4,6,3,4,56,"Woman","Yes","Indigenous, Aboriginal, or First Nations","No","Bachelor’s Degree","Yes"
"33",33,2,6,3,3,2,4,4,4,5,5,3,3,3,5,3,1,1,2,2,2,5,2,2,4,4,2,4,4,5,4,4,5,5,2,3,4,2,4,2,5,4,3,6,4,4,5,26,"Woman","Yes","White","No","Bachelor’s Degree","No"
"34",34,2,6,3,3,4,2,4,4,5,4,4,4,3,2,3,3,1,4,3,4,5,4,3,3,5,4,5,4,NA,4,4,4,3,3,1,4,5,NA,4,NA,4,1,5,5,3,3,30,"Woman","Yes","Black or African American","No","Other option not represented here","No"
"35",35,6,6,6,6,6,6,6,6,6,5,1,6,3,6,6,6,6,6,6,6,5,6,6,6,6,6,6,5,5,6,6,6,6,5,3,2,2,6,NA,3,4,2,4,6,6,6,56,"Woman","Yes","White","No","Master’s Degree","No"
"36",36,6,6,6,6,6,6,6,6,6,5,2,6,3,6,NA,5,5,5,6,6,5,6,6,6,NA,5,5,6,6,6,5,5,6,3,2,2,2,6,2,1,1,2,5,5,5,5,43,"Man","Yes","White","No","Master’s Degree","No"
"37",37,4,4,5,5,5,5,3,4,5,5,3,4,3,4,5,4,4,4,3,5,5,4,6,5,3,2,4,5,6,6,4,5,6,4,3,2,4,5,3,5,5,2,5,6,4,4,33,"Woman","Yes","White","No","High School","No"
"38",38,6,6,6,6,6,6,6,6,6,6,4,6,3,3,6,6,6,6,6,6,6,6,6,6,6,4,4,6,6,6,6,6,6,4,1,1,4,6,3,1,1,1,3,6,6,6,31,"Woman","Yes","White","No","High School","Yes"
"39",39,2,5,5,6,6,5,4,1,4,2,5,2,3,4,5,2,4,4,1,5,6,4,1,4,1,2,5,2,5,2,2,2,2,1,4,2,2,4,1,6,5,3,5,6,1,2,31,"Man","Yes","White","No","Associate’s Degree","No"
"40",40,5,6,6,6,6,6,5,5,6,5,1,5,3,4,6,5,5,4,4,2,6,5,6,6,6,6,6,6,6,5,6,5,6,2,3,4,4,5,5,3,4,2,6,5,5,6,21,"Woman","Yes","Black or African American","No","High School","No"
"41",41,2,5,5,5,5,5,3,3,6,5,4,5,3,4,5,2,2,2,2,2,5,3,5,5,2,2,4,5,4,5,4,4,5,2,3,5,2,3,2,5,4,4,5,4,2,5,66,"Woman","Yes","White","No","Bachelor’s Degree","No"
"42",42,5,6,5,5,5,2,3,2,5,5,5,5,3,2,2,5,2,5,5,5,5,5,4,5,5,5,5,5,5,5,5,5,5,2,2,NA,4,5,2,2,2,2,4,5,5,5,33,"Woman","Yes","White","No","Bachelor’s Degree","No"
"43",43,1,5,4,5,6,3,2,2,6,5,4,3,1,2,6,5,3,1,2,3,4,2,6,5,1,3,1,6,5,4,3,4,4,1,5,3,1,5,1,5,5,5,6,4,5,3,33,"Woman","Yes","White","No","Bachelor’s Degree","No"
"44",44,4,6,2,3,5,4,4,3,4,4,5,4,3,4,3,1,2,4,4,5,4,5,4,6,4,5,4,4,5,6,5,5,6,3,3,3,4,4,2,3,3,4,4,6,5,2,25,"Man","Yes","White","No","Less than High School","No"
"45",45,5,6,4,5,4,5,5,5,5,5,3,4,3,4,5,2,5,5,4,5,5,5,5,5,5,5,5,5,5,5,4,4,4,3,3,4,4,5,3,4,4,4,4,5,3,5,27,"Man","Yes","White","No","Associate’s Degree","No"
"46",46,6,6,6,6,6,6,6,6,6,6,1,5,3,6,6,6,6,6,6,6,6,6,6,6,6,5,6,6,5,6,6,6,6,3,2,1,4,6,5,1,3,2,2,6,6,5,23,"Woman","Yes","White","No","High School","No"
"47",47,2,6,5,5,5,5,1,1,6,5,5,4,3,4,3,1,1,2,2,1,6,4,1,6,5,4,5,3,6,3,3,5,5,3,6,5,2,2,1,6,6,5,6,4,1,3,34,"Man","Yes","White",NA,"Bachelor’s Degree","No"
"48",48,4,6,3,4,3,5,4,3,6,6,1,3,3,2,6,2,1,5,4,3,6,5,6,6,6,6,5,6,5,6,5,5,6,3,1,1,3,6,3,1,3,3,4,6,6,5,23,"Woman","Yes","Asian or Asian American","No","Bachelor’s Degree","No"
"49",49,5,6,5,4,5,4,5,5,6,4,5,5,5,2,5,2,2,5,5,4,6,6,5,4,3,3,6,5,6,4,5,5,5,5,3,1,5,4,1,5,3,3,6,6,5,4,27,"Man","Yes","Asian or Asian American","No","Bachelor’s Degree","No"
"50",50,5,6,6,6,6,5,6,5,6,5,4,4,3,6,6,5,5,3,5,5,6,5,6,4,4,4,5,6,5,5,4,4,5,4,3,1,3,5,4,1,2,2,3,5,5,4,34,"Woman","Yes","White","No","Master’s Degree","No"
"51",51,4,6,6,5,5,6,5,4,6,6,2,6,3,4,6,4,3,3,4,4,6,4,6,6,6,6,4,5,6,6,6,6,6,2,3,5,2,6,2,3,4,3,4,6,6,5,37,"Man","Yes","White","No","High School","No"
"52",52,2,6,5,5,5,6,4,4,6,5,5,5,3,2,3,3,4,2,3,2,5,4,5,5,5,5,3,5,5,6,4,5,5,3,4,3,2,4,1,5,5,2,6,5,5,5,28,"Woman","Yes","White","No","Bachelor’s Degree","No"
"53",53,6,6,NA,6,6,5,5,1,6,6,1,5,3,5,5,6,1,5,6,5,6,5,5,6,6,6,5,5,6,6,5,5,5,1,6,1,3,6,1,1,1,3,6,5,4,5,43,"Man","Yes","White",NA,"Bachelor’s Degree","No"
"54",54,5,6,6,6,6,6,6,4,6,6,1,5,3,5,4,4,5,5,4,4,5,5,5,5,4,5,5,6,4,5,4,1,4,4,1,1,4,4,4,3,3,2,4,6,4,5,32,"Woman","Yes","White","No","Bachelor’s Degree","Yes"
"55",55,5,6,4,4,6,5,5,4,6,4,2,5,3,5,NA,3,3,4,4,4,4,4,5,6,5,4,5,6,5,4,4,4,5,3,3,2,2,4,2,2,4,2,4,4,3,6,50,"Woman","Yes","White","No","Master’s Degree","No"
"56",56,5,6,5,5,2,6,6,3,6,6,1,5,3,6,6,6,6,6,4,4,6,6,6,6,3,2,6,6,6,5,4,NA,6,6,3,1,4,5,3,1,1,1,3,6,5,5,34,"Man","Yes","White","No","Bachelor’s Degree","No"
"57",57,6,6,6,6,6,6,6,6,6,6,3,6,3,6,6,5,6,6,6,6,6,6,5,6,4,6,6,6,6,6,6,6,6,3,2,2,1,6,2,1,1,2,5,5,2,6,45,"Man","Yes","White","No","Bachelor’s Degree","No"
"58",58,3,6,5,5,6,5,4,3,6,5,1,5,3,5,5,5,6,3,4,1,6,4,5,6,6,5,5,5,6,6,6,6,5,2,1,1,2,5,2,4,4,3,3,6,5,5,27,"Man","Yes","White","No","Bachelor’s Degree","No"
"59",59,5,6,6,6,6,4,5,4,6,5,2,5,3,6,6,6,6,6,5,5,5,5,6,6,6,5,5,6,6,6,6,6,6,5,3,1,5,6,5,2,3,1,4,6,5,6,31,"Man","Yes","Latine or Hispanic","Yes","Master’s Degree","No"
"60",60,5,6,6,6,6,6,6,5,6,6,2,5,3,6,5,6,5,6,5,6,4,6,6,5,2,3,6,6,4,6,6,6,4,6,1,1,5,4,6,3,2,1,1,6,5,5,42,"Man","Yes","White","No","Associate’s Degree","No"
"61",61,4,4,3,3,4,4,4,4,4,4,3,3,3,3,4,3,4,3,3,3,4,4,5,4,4,4,5,5,3,5,4,5,5,3,3,3,4,4,4,3,3,2,3,5,4,3,47,"Man","Yes","White","No","High School","No"
"62",62,6,6,5,3,6,6,5,4,5,6,4,6,3,3,4,3,2,4,5,5,6,5,4,6,6,4,5,5,6,6,4,6,5,3,3,3,3,5,3,2,3,4,4,5,5,6,20,"Woman","Yes","White","No","High School","No"
"63",63,4,6,6,6,6,6,4,4,6,5,4,5,3,4,5,3,3,4,4,4,5,5,6,5,5,5,5,5,5,6,6,6,5,2,4,4,3,6,4,4,4,3,5,5,4,3,21,"Non-Binary or Gender Fluid","No","Latine or Hispanic","Yes","Bachelor’s Degree","No"
"64",64,4,5,4,4,5,4,4,4,5,3,6,4,3,3,4,1,3,4,4,5,6,5,3,6,2,2,4,3,5,3,3,3,3,4,3,3,4,4,3,4,6,2,3,4,6,4,22,"Man","Yes","Black or African American","No","High School","No"
"65",65,5,6,6,5,6,6,4,4,5,5,4,5,3,4,6,4,5,5,5,5,6,4,4,5,5,5,5,5,5,2,5,6,5,3,2,3,5,5,3,2,2,3,6,6,6,4,31,"Woman","Yes","White","No","Bachelor’s Degree","No"
"66",66,3,4,2,2,2,5,3,2,5,5,2,3,3,2,5,5,3,5,2,4,5,3,5,6,6,6,5,4,5,6,3,5,4,5,5,2,5,5,3,2,3,2,2,5,6,4,29,"Woman","Yes","Black or African American","No","High School","No"
"67",67,5,6,6,6,6,6,5,5,6,6,2,5,3,4,6,4,5,4,4,5,6,5,5,6,5,4,6,6,5,5,5,6,5,3,2,2,3,6,3,1,3,2,4,5,5,6,24,"Man","Yes","White","No","High School","Yes"
"68",68,4,5,2,2,2,4,4,3,5,5,3,4,3,2,3,3,2,4,4,4,5,3,4,5,3,3,4,5,NA,4,3,3,NA,3,3,4,2,4,1,5,5,4,6,4,4,4,43,"Man","Yes","White","No","Master’s Degree","No"
"69",69,1,5,4,4,6,4,1,1,6,5,1,5,3,3,5,3,1,1,1,1,4,2,5,5,5,5,5,6,6,5,4,4,5,2,2,4,2,3,3,5,5,1,6,4,3,2,62,"Man","Yes","White","No","High School","Yes"
"70",70,6,6,6,6,6,6,6,4,6,6,3,6,3,6,6,4,6,6,4,3,6,6,5,6,6,3,6,5,6,2,6,6,6,4,3,2,4,4,5,1,1,1,4,6,5,5,40,"Non-Binary or Gender Fluid","No","White","No","Doctorate Degree (PhD, PsyD, etc.)","Yes"
"71",71,5,6,6,6,6,6,6,5,6,6,2,6,3,2,6,6,6,2,5,1,5,5,6,6,4,4,6,6,6,6,5,5,6,2,5,2,1,5,1,3,5,3,6,5,2,6,35,"Woman","Prefer not to say","White","No","Master’s Degree","No"
"72",72,6,6,6,6,6,6,6,6,6,6,1,6,3,6,6,6,6,6,6,6,5,6,6,6,6,6,6,6,6,6,6,6,6,6,1,1,5,6,4,3,3,1,1,6,4,6,42,"Man","Yes","White","No","Master’s Degree","No"
"73",73,4,5,4,3,5,4,4,3,3,3,3,3,3,5,3,4,3,4,4,4,4,4,4,4,4,4,4,4,4,5,3,3,5,4,2,3,4,3,4,3,4,4,4,5,4,5,37,"Man","Yes","Asian or Asian American","No","Master’s Degree","No"
"74",74,6,6,6,6,6,6,6,5,6,5,1,6,3,6,6,5,4,5,5,5,4,6,5,6,4,4,4,5,5,5,5,6,5,2,2,2,2,5,4,2,2,2,4,6,2,5,37,"Woman","Yes","White","No","High School","No"
"75",75,1,6,5,4,5,5,1,1,4,1,6,2,1,1,1,1,1,1,1,1,6,1,1,6,3,4,5,1,6,4,1,5,5,1,6,6,1,4,1,6,6,4,6,3,6,4,24,"Woman","Yes","Multiracial","No","Master’s Degree","No"
"76",76,6,6,6,6,6,5,6,6,6,6,1,6,3,6,6,6,6,1,5,6,6,6,6,6,6,6,6,6,6,6,6,6,6,6,1,1,6,6,6,1,1,1,1,6,6,6,31,"Woman","Yes","White","No","Master’s Degree","No"
"77",77,6,6,6,6,6,6,6,6,6,6,1,5,3,6,6,5,6,6,5,5,5,6,6,6,6,4,6,6,6,6,6,6,6,3,1,1,4,6,4,1,2,1,2,6,6,6,34,"Man","Yes","White","No","Master’s Degree","Yes"
"78",78,6,6,6,6,6,6,6,6,6,6,1,6,3,6,5,4,6,6,5,5,5,5,6,6,5,4,6,6,6,6,4,4,6,3,4,2,4,6,4,2,2,4,5,6,5,6,41,"Woman","Yes","White","No","Master’s Degree","No"
"79",79,5,6,6,5,5,5,5,5,5,4,3,4,3,5,6,2,4,3,4,4,5,4,4,5,3,5,5,5,4,5,4,4,5,2,2,3,5,5,3,2,4,2,5,2,3,2,58,"Woman","Yes","White","No","Bachelor’s Degree","No"
"80",80,3,6,4,5,5,4,4,4,4,4,4,3,3,4,5,4,3,5,3,4,4,5,4,4,3,4,6,4,5,4,4,4,3,4,3,3,5,4,4,4,4,3,3,5,3,3,23,"Man","Yes","White","No","High School","No"
"81",81,5,5,2,1,2,6,2,4,4,1,5,2,3,1,4,4,4,4,4,NA,2,1,4,5,3,3,4,5,4,6,3,4,2,6,5,6,1,5,1,4,4,3,5,4,5,4,52,"Woman","Yes","White","No","Bachelor’s Degree","No"
"82",82,5,3,4,5,3,4,3,4,2,5,4,5,1,5,4,5,6,5,6,3,NA,5,5,4,NA,5,4,4,3,3,4,4,5,4,4,4,5,5,5,5,5,5,3,3,5,4,27,"Man","Yes","Asian or Asian American","No","Bachelor’s Degree","No"
"83",83,6,6,5,6,6,5,5,5,5,5,6,4,3,5,5,5,5,5,5,6,5,6,5,4,2,2,5,5,4,5,5,4,6,4,1,1,5,4,3,4,5,2,4,6,4,5,53,"Man","Yes","White","No","Associate’s Degree","Yes"
"84",84,6,6,6,6,6,6,6,5,6,5,1,5,3,5,1,5,6,6,6,5,3,6,5,6,5,5,5,6,5,6,4,6,5,5,2,1,4,5,2,1,1,1,5,5,5,6,51,"Man","Yes","White","No","Bachelor’s Degree","Yes"
"85",85,5,5,4,2,5,6,5,3,5,4,5,2,3,3,1,3,1,4,4,2,5,4,3,1,1,1,5,4,6,5,1,1,5,1,4,1,1,3,1,5,5,4,6,6,1,2,35,"Man","Yes","White","No","Less than High School","No"
"86",86,4,6,5,4,5,4,4,4,5,5,4,5,3,5,5,4,5,4,4,5,5,5,5,5,5,3,4,5,4,5,3,3,4,3,3,2,4,4,3,3,3,2,4,6,4,5,33,"Woman","Yes","Black or African American","No","Bachelor’s Degree","No"
"87",87,5,5,2,1,1,4,5,4,5,4,4,4,3,3,4,5,4,4,4,4,6,5,4,6,4,4,4,4,4,4,4,4,3,2,3,4,2,4,2,4,4,2,5,4,4,4,34,"Man","Yes","White","No","Bachelor’s Degree","No"
"88",88,5,5,4,4,5,5,4,4,4,4,4,5,3,4,5,4,4,4,4,4,5,5,5,5,4,3,5,5,4,5,4,4,4,5,4,3,4,5,4,4,4,3,3,5,4,4,28,"Man","Yes","White",NA,"Bachelor’s Degree","No"
"89",89,6,6,6,6,6,6,6,6,6,6,2,5,3,5,6,6,6,5,5,5,5,6,6,5,5,5,4,6,5,6,5,6,6,4,2,1,5,6,5,2,3,1,3,6,4,6,25,"Woman","Yes","White","No","Bachelor’s Degree","No"
"90",90,6,6,5,5,6,4,5,4,5,5,6,5,3,1,NA,1,4,3,2,5,6,1,1,5,4,3,1,5,5,6,4,4,6,6,5,6,1,5,1,1,1,3,6,6,6,5,35,"Woman","Yes","Black or African American","No","Master’s Degree","No"
"91",91,5,6,6,6,6,5,5,5,6,6,2,6,3,5,5,3,5,3,5,4,6,4,4,6,6,5,5,5,4,6,5,5,6,3,3,2,2,6,2,1,1,3,4,5,6,6,43,"Woman","Yes","White","No","Bachelor’s Degree","No"
"92",92,2,4,5,5,6,4,3,2,5,5,2,6,3,1,4,2,4,2,1,1,6,2,4,5,3,3,2,3,6,4,4,4,6,2,1,5,2,5,1,4,4,5,6,5,4,6,32,"Man","Yes","White","No","Master’s Degree","No"
"93",93,4,6,6,6,6,5,5,4,6,4,3,5,3,4,3,3,3,5,4,3,5,4,5,6,5,4,6,6,5,6,4,5,4,4,2,2,4,6,3,3,3,3,3,5,5,4,30,"Man","Yes","Asian or Asian American","No","Bachelor’s Degree","No"
"94",94,4,6,6,6,6,6,5,4,6,2,6,6,3,3,5,1,2,4,4,4,6,3,5,6,3,4,5,6,6,5,4,6,6,5,4,5,5,4,3,5,6,2,5,6,6,6,32,"Woman","Yes","White",NA,"High School","No"
"95",95,2,6,5,6,6,6,2,1,5,6,5,4,3,2,3,3,1,2,4,1,6,2,3,6,4,5,6,3,6,6,4,4,6,1,4,5,4,4,2,6,6,5,5,6,5,4,20,"Woman","Yes","White","No","High School","No"
"96",96,4,6,4,4,5,6,2,2,6,4,2,5,3,5,6,3,2,4,3,2,4,4,5,5,1,1,6,6,6,5,4,6,6,4,4,3,4,5,4,6,5,3,4,6,4,4,27,"Man","Yes","White","No","Bachelor’s Degree","No"
"97",97,5,6,6,6,6,6,5,5,6,6,1,4,3,5,6,6,5,6,5,5,5,6,6,6,6,6,6,6,4,6,6,6,6,3,2,2,5,5,3,2,2,1,4,6,2,5,33,"Woman","Yes","White","No","Bachelor’s Degree","No"
"98",98,3,6,6,6,6,5,1,2,4,5,6,2,3,5,3,4,5,5,4,1,6,5,5,6,3,3,1,5,6,4,5,5,4,1,3,6,1,4,1,2,4,5,6,5,4,5,36,"Man","Yes","White","No","High School","No"
"99",99,4,4,4,4,4,4,4,4,4,4,6,1,3,6,6,3,6,6,3,4,6,4,4,5,3,2,6,4,6,4,4,4,6,4,1,1,4,4,3,2,1,2,3,6,4,3,43,"Woman","Yes","White","No","High School","Yes"
"100",100,1,5,2,4,6,1,1,1,4,5,6,2,3,1,1,1,1,1,1,1,5,1,3,4,2,3,4,3,6,1,1,1,1,1,5,6,1,1,1,6,3,6,6,2,1,1,33,"Man","Yes","Prefer not to say","No","Bachelor’s Degree","Prefer not to say"
"101",101,5,4,4,3,5,5,5,4,4,3,3,4,4,4,5,4,4,5,5,4,4,5,5,4,5,3,4,3,4,NA,3,4,4,NA,4,NA,5,4,4,3,4,3,3,4,3,4,NA,"Man","Yes","White","No","High School","No"
"102",102,6,6,6,6,6,6,6,6,6,6,4,5,3,5,6,5,6,6,6,6,6,6,6,6,6,6,6,6,6,6,6,6,5,4,1,1,4,6,5,1,1,1,4,6,4,4,37,"Woman","Yes","White","No","High School","No"
"103",103,4,5,4,4,4,4,3,4,5,4,3,4,3,3,3,4,4,4,3,4,4,4,3,4,3,4,4,4,4,5,4,4,4,3,3,3,3,4,3,4,4,3,4,4,3,4,30,"Man","Yes","Black or African American","No","High School","Yes"
"104",104,4,6,6,6,6,6,5,4,6,4,4,4,3,4,4,3,3,4,4,4,5,4,5,6,5,4,6,6,5,4,4,5,4,3,4,4,2,5,3,3,3,4,6,4,3,4,34,"Man","Yes","White","No","Professional Degree (J.D., M.D., etc.)","No"
"105",105,6,6,6,6,6,6,6,6,6,6,1,6,3,6,6,6,6,6,6,6,4,6,6,6,6,6,6,4,6,6,6,6,6,4,1,1,6,6,4,1,1,1,1,6,6,6,41,"Man","Yes","White","No","Master’s Degree","No"
"106",106,2,5,4,2,3,5,4,3,6,5,3,4,3,2,3,3,2,2,4,3,5,4,2,4,4,5,5,4,6,5,5,5,5,3,6,4,3,3,3,3,4,4,4,5,3,3,51,"Woman","Yes","White","No","Bachelor’s Degree","No"
"107",107,5,6,6,6,6,6,5,5,5,6,2,4,3,3,4,5,4,3,6,3,5,5,5,5,5,5,6,5,6,5,5,6,5,3,3,4,4,5,3,6,5,2,5,3,3,6,24,"Woman","Yes","White","No","Bachelor’s Degree","No"
"108",108,5,5,6,5,6,6,5,NA,5,3,3,4,3,3,4,4,3,3,4,4,6,5,5,5,4,4,4,4,5,5,5,5,6,3,3,4,3,5,3,3,2,3,5,5,3,5,22,"Woman","Yes","White","No","High School","No"
"109",109,4,6,4,3,4,6,6,4,6,4,3,5,3,4,6,3,4,6,4,4,6,5,5,4,4,4,5,5,4,4,5,6,4,4,2,2,4,4,4,3,3,2,3,5,4,4,50,"Woman","Yes","White","No","Bachelor’s Degree","No"
"110",110,5,6,5,6,4,6,5,5,6,6,3,4,3,5,6,5,5,5,4,4,4,5,6,6,6,5,5,6,4,5,4,5,5,4,3,1,4,5,3,3,4,1,3,6,6,4,30,"Man","Yes","White","No","Master’s Degree","No"
"111",111,4,6,6,5,5,4,5,4,6,5,3,5,3,3,4,3,4,4,2,4,5,4,5,6,6,5,5,6,5,6,3,5,5,4,3,4,4,5,4,2,4,3,4,5,5,4,21,"Man","Yes","White","No","High School","No"
"112",112,5,6,5,5,5,4,4,5,6,4,3,5,3,4,4,3,4,4,5,5,6,5,5,6,4,3,5,5,6,5,5,5,5,2,3,4,3,5,2,3,3,3,5,4,3,5,38,"Woman","Yes","Asian or Asian American","No","Associate’s Degree","No"
"113",113,4,5,5,5,5,5,5,4,5,5,3,5,3,5,5,4,4,5,5,4,4,4,5,4,5,5,6,5,5,5,5,4,5,4,4,2,4,NA,4,4,5,2,2,5,5,3,24,"Man","Yes","White","No","High School","No"
"114",114,5,6,6,6,6,6,NA,6,4,6,3,5,3,5,6,6,6,6,6,6,5,NA,6,6,5,5,NA,6,6,6,6,6,6,3,3,1,5,6,3,4,6,2,4,6,5,NA,26,"Man","Yes","Multiracial","No","Bachelor’s Degree","No"
"115",115,4,6,6,6,6,6,5,4,5,5,2,2,3,1,1,1,5,5,4,2,6,4,4,6,1,1,6,4,6,5,1,1,5,2,4,2,2,5,1,4,2,1,6,6,4,2,30,"Woman","Yes","White","No","High School","No"
"116",116,5,6,6,6,6,6,5,5,6,5,2,5,3,4,5,6,6,6,5,5,6,6,4,6,3,3,6,6,5,6,5,5,6,2,2,1,5,5,4,4,5,1,3,6,6,5,48,"Woman","Yes","White","No","High School","No"
"117",117,4,5,4,4,5,3,4,3,5,3,5,4,3,2,2,2,2,4,2,2,5,3,2,5,2,2,4,3,5,4,3,4,3,2,4,5,2,4,1,4,3,4,5,5,2,4,36,"Woman","Yes","White","No","High School","No"
"118",118,6,6,5,6,5,5,6,5,5,6,4,4,3,5,6,2,4,5,3,6,6,5,4,6,2,2,4,5,3,5,5,6,5,3,3,3,3,6,3,4,3,4,4,6,4,5,48,"Man","Yes","White","No","Bachelor’s Degree","No"
"119",119,2,5,4,5,5,4,1,1,6,5,4,5,3,4,5,2,3,1,1,1,6,4,3,5,4,3,6,4,6,4,2,1,4,1,3,3,4,4,1,4,4,5,4,4,4,5,30,"Man","Yes","White","No","Bachelor’s Degree","No"
"120",120,6,6,6,6,6,6,6,5,6,6,3,5,3,5,6,2,6,5,5,3,6,5,5,6,2,4,6,6,6,6,6,6,5,5,1,1,4,6,2,2,2,2,3,6,6,6,46,"Man","Yes","White","No","High School","No"
"121",121,3,6,4,4,4,3,2,2,5,4,6,4,3,3,3,1,1,3,2,3,5,3,3,5,2,2,5,4,4,3,4,4,4,2,5,4,2,5,1,6,4,5,6,4,3,5,34,"Woman","Yes","White","No","Bachelor’s Degree","No"
"122",122,6,6,6,6,6,6,6,6,6,6,3,6,3,3,6,3,4,6,6,3,6,4,6,6,6,6,6,6,6,6,6,6,6,4,3,4,3,6,6,3,3,4,4,4,6,6,25,"Woman","Yes","White","No","Bachelor’s Degree","No"
"123",123,4,4,3,3,4,5,4,4,5,5,4,4,3,3,3,4,2,2,4,3,5,4,4,4,4,4,5,4,5,4,4,3,4,3,4,4,4,4,3,4,4,4,5,4,3,4,24,"Man","Yes","White","No","High School","No"
"124",124,4,5,5,5,6,5,3,4,5,5,5,5,3,4,5,4,5,5,3,4,5,5,5,4,4,4,6,5,5,6,5,5,5,4,2,3,4,5,4,4,4,2,3,5,1,4,31,"Man","Yes","Multiracial","No","High School","No"
"125",125,5,5,6,6,6,5,5,5,5,5,2,5,3,5,5,4,3,2,5,5,4,5,5,4,5,5,4,5,5,4,5,5,5,3,4,2,2,5,2,3,2,2,5,5,4,5,58,"Woman","Yes","White","No","Associate’s Degree","No"
"126",126,6,6,6,6,6,6,6,6,5,6,1,5,3,6,6,6,6,6,6,6,5,6,6,6,6,5,6,6,6,6,6,6,6,6,1,1,5,5,6,4,3,1,2,5,5,6,29,"Woman","No","White","No","Bachelor’s Degree","No"
"127",127,6,6,6,3,6,6,6,6,6,6,1,5,3,6,6,5,6,6,6,6,6,6,5,6,6,6,6,6,6,6,6,6,6,6,1,1,5,6,5,1,5,1,3,6,5,6,21,"Man","Yes","White","No","Bachelor’s Degree","No"
"128",128,4,6,4,4,6,5,4,4,4,4,1,3,3,5,6,4,6,4,4,4,5,4,4,5,4,5,6,4,6,5,4,4,4,5,4,3,4,4,4,4,4,2,4,5,3,4,30,"Man","Yes","Multiracial","No","High School","No"
"129",129,4,5,4,3,4,5,4,4,5,4,3,3,3,3,4,3,2,2,4,4,4,4,5,5,5,3,4,5,5,4,4,4,4,3,3,3,3,4,3,3,4,3,4,3,4,3,27,"Woman","Yes","Asian or Asian American","No","Master’s Degree","No"
"130",130,4,5,3,3,3,4,5,4,6,6,5,3,3,3,4,5,2,1,5,5,5,1,6,5,5,3,4,5,4,5,4,4,6,4,2,2,2,4,2,4,4,2,5,5,5,4,22,"Woman","Yes","Black or African American","No","Bachelor’s Degree","No"
"131",131,4,6,3,3,5,4,4,4,6,5,4,4,3,2,4,4,4,4,3,3,5,4,4,5,2,2,5,4,5,4,2,5,4,3,3,5,4,3,4,4,3,2,6,6,5,3,30,"Man","Yes","White","No","Associate’s Degree","No"
"132",132,5,6,5,5,6,4,4,4,6,5,3,4,3,4,5,5,5,5,4,5,6,6,4,5,5,5,4,5,5,6,4,5,6,4,2,1,4,2,3,2,2,1,2,6,6,4,49,"Woman","Yes","White","No","Bachelor’s Degree","Prefer not to say"
"133",133,4,6,6,6,6,5,3,5,5,5,5,5,3,4,6,5,4,3,3,3,6,4,5,5,3,3,6,5,6,6,2,4,5,4,4,3,4,5,4,4,4,3,5,6,4,4,24,"Man","Yes","Black or African American","No","High School","No"
"134",134,6,6,6,5,5,6,6,6,6,6,1,6,3,5,6,6,5,5,6,6,6,6,6,6,5,5,6,6,4,6,6,6,6,5,2,1,4,5,5,1,1,4,3,6,6,5,46,"Woman","Yes","White","No","High School","No"
"135",135,4,5,4,4,5,5,4,4,5,5,5,2,3,3,5,2,3,3,4,3,5,4,5,5,3,4,4,5,4,5,4,4,4,4,3,4,3,5,3,5,4,3,5,5,4,2,35,"Woman","Yes","White","No","Bachelor’s Degree","No"
"136",136,5,6,6,6,6,5,5,4,4,4,2,5,3,5,5,3,3,6,5,6,5,5,6,6,6,4,6,6,NA,6,2,5,6,3,1,1,5,6,4,2,3,1,4,5,5,5,27,"Woman","Yes","White","No","Bachelor’s Degree","Yes"
"137",137,5,6,4,4,4,5,5,5,6,5,6,5,3,5,6,3,6,6,6,6,4,6,5,5,4,4,5,5,6,5,5,5,4,6,2,2,5,5,4,1,1,1,3,5,3,6,50,"Woman","Yes","White","No","High School","Prefer not to say"
"138",138,6,6,6,6,5,6,5,5,5,5,2,5,3,4,6,5,5,5,5,5,5,5,6,5,5,5,6,6,4,5,6,6,5,5,2,2,4,3,4,3,3,3,3,4,6,5,23,"Woman","Yes","White","No","Bachelor’s Degree","No"
"139",139,5,6,6,6,6,4,4,2,6,1,6,4,3,2,4,3,2,6,1,4,6,1,5,5,4,5,4,3,5,5,4,5,5,1,4,5,1,4,3,2,1,2,6,5,5,5,39,"Man","Yes","White","No","High School","No"
"140",140,3,6,4,2,4,5,5,4,5,4,3,4,3,2,5,3,1,5,3,3,5,5,3,6,4,4,5,4,5,4,5,5,4,4,3,3,4,5,3,3,3,4,4,5,3,3,28,"Man","Yes","Black or African American","No","Bachelor’s Degree","No"
"141",141,5,5,5,5,5,5,5,5,5,4,4,4,3,4,4,4,3,5,4,4,4,5,5,5,4,4,4,4,5,5,5,5,5,3,3,4,4,5,4,3,3,3,4,3,5,5,27,"Woman","Yes","White","No","Bachelor’s Degree","No"
"142",142,6,6,5,5,6,5,5,4,5,5,2,5,3,4,5,4,2,4,4,5,5,4,5,6,5,5,5,5,4,6,4,5,6,3,2,3,3,5,2,1,2,2,4,5,4,5,46,"Woman","Yes","White","No","Bachelor’s Degree","No"
"143",143,1,NA,2,1,1,1,4,5,6,6,6,5,3,1,2,1,4,2,2,1,5,5,1,6,4,6,6,1,5,6,5,5,3,1,5,6,4,5,1,6,2,6,6,5,1,2,28,"Woman","Yes","Asian or Asian American","No","Master’s Degree","No"
"144",144,4,6,6,4,6,5,2,1,6,6,3,4,3,1,5,1,2,5,4,4,6,2,6,6,6,6,5,5,6,6,6,6,6,2,3,5,4,4,2,5,4,5,4,5,5,3,26,"Man","Yes","Latine or Hispanic","Yes","Bachelor’s Degree","No"
"145",145,5,6,3,4,6,5,4,4,4,4,4,3,3,3,5,3,1,4,4,5,5,4,4,6,4,4,6,4,6,6,4,6,5,2,5,4,4,5,2,1,2,2,4,5,6,3,23,"Woman","Yes","Asian or Asian American","No","Bachelor’s Degree","No"
"146",146,5,6,1,1,6,6,6,6,6,6,3,4,3,1,1,4,1,4,1,6,6,3,4,6,3,6,6,5,6,6,6,6,6,1,2,3,1,6,3,6,6,3,6,6,1,6,35,"Man","Yes","Latine or Hispanic","Yes","High School","No"
"147",147,5,6,4,4,5,6,4,4,5,4,3,4,3,5,5,5,4,5,3,5,4,5,4,4,4,3,6,5,5,5,4,4,4,4,2,2,4,5,4,1,3,2,3,5,4,3,44,"Man","Yes","White","No","Bachelor’s Degree","No"
"148",148,4,5,5,5,6,3,4,4,5,5,5,5,3,5,5,4,3,4,4,2,6,4,4,5,4,3,5,5,5,6,3,4,5,2,2,2,2,4,2,2,3,3,5,5,5,3,52,"Woman","Yes","White","No","Bachelor’s Degree","No"
"149",149,1,1,1,3,5,1,1,1,5,6,6,1,3,1,4,1,1,1,1,1,2,1,4,6,1,1,1,3,1,2,2,2,1,1,5,6,1,3,1,2,2,3,6,6,1,2,72,"Man","Yes","Asian or Asian American","No","Master’s Degree","No"
"150",150,4,6,6,6,6,6,5,5,5,4,3,5,3,4,6,3,3,4,4,4,5,5,5,6,5,6,6,5,5,5,4,5,6,3,3,3,3,5,3,3,3,3,3,6,5,4,24,"Man","Yes","Multiracial","No","Bachelor’s Degree","No"
"151",151,4,6,5,4,4,5,3,2,5,5,2,4,3,4,5,2,2,5,3,4,5,5,5,5,5,5,5,5,5,5,5,5,4,5,3,1,5,4,4,3,3,1,2,5,4,4,39,"Woman","Yes","Black or African American","No","Bachelor’s Degree","No"
"152",152,5,6,6,6,6,5,4,4,6,1,5,6,3,2,6,1,2,1,5,4,6,5,6,6,5,5,6,5,6,5,3,6,6,2,1,5,5,6,1,5,4,4,5,6,5,6,NA,"Woman","Yes","White","No","High School","Yes"
"153",153,4,4,4,5,5,5,4,3,4,4,4,5,3,3,3,4,2,3,3,2,5,3,4,5,5,5,3,4,5,4,3,4,3,4,4,3,4,4,3,4,5,2,4,2,2,4,22,"Woman","Yes","Asian or Asian American","No","Bachelor’s Degree","No"
"154",154,5,6,5,5,6,5,4,5,6,4,5,4,3,6,6,3,4,6,3,5,6,6,4,4,4,4,6,4,5,5,3,5,5,4,3,2,5,5,3,2,4,2,3,6,4,6,25,"Man","Yes","Asian or Asian American","No","Bachelor’s Degree","No"
"155",155,4,6,4,3,3,4,4,3,4,5,3,5,3,5,4,2,6,6,3,5,6,3,4,3,2,3,5,5,5,5,4,4,4,3,2,2,3,5,3,4,4,4,3,6,4,4,24,"Man","Yes","White","No","Bachelor’s Degree","No"
"156",156,4,4,5,5,5,5,4,4,5,5,2,6,3,4,3,3,3,5,4,4,5,4,5,5,4,4,5,5,5,5,2,2,5,4,3,2,5,6,4,3,5,2,2,6,4,4,33,"Man","Yes","White",NA,"Associate’s Degree","No"
"157",157,1,6,3,1,3,6,1,1,6,6,5,5,3,1,2,1,1,1,1,1,4,1,1,6,5,4,1,5,4,5,1,1,5,1,6,6,1,4,1,5,4,5,6,5,5,5,44,"Man","Yes","Asian or Asian American","No","Master’s Degree","No"
"158",158,5,5,5,5,5,5,5,5,5,5,2,4,3,5,5,5,5,5,5,5,6,5,5,5,2,2,5,5,6,5,4,5,5,3,2,1,4,5,3,4,4,3,4,5,6,5,29,"Man","Yes","White",NA,"High School","I don’t know"
"159",159,6,6,6,5,6,5,6,5,6,6,3,6,3,6,6,6,5,6,5,6,6,5,5,5,3,3,6,5,6,6,5,5,6,5,3,4,4,5,4,3,3,2,5,6,6,6,30,"Man","Yes","White","No","High School","Yes"
"160",160,5,6,5,5,6,5,5,4,6,5,2,6,3,5,5,3,4,4,3,4,5,4,4,5,4,4,6,5,4,6,5,5,5,3,1,3,4,4,2,2,3,2,5,5,1,5,26,"Man","Yes","Prefer not to say","No","Bachelor’s Degree","No"
"161",161,6,6,6,6,6,6,6,6,6,6,4,6,3,6,6,2,5,5,6,6,6,6,6,6,6,4,6,6,6,6,6,6,6,2,1,1,2,4,1,2,2,1,4,4,4,6,30,"Man","Yes","Black or African American","No","Bachelor’s Degree","No"
"162",162,3,6,5,5,5,5,5,5,5,5,2,4,3,5,5,6,3,4,2,3,5,4,5,6,4,4,5,5,5,5,3,5,3,4,2,2,2,4,3,5,5,3,4,5,4,5,26,"Man","Yes","Multiracial","No","Bachelor’s Degree","No"
"163",163,3,5,4,3,5,5,3,4,5,4,6,4,3,3,4,3,3,4,4,4,6,3,4,4,3,4,6,4,4,5,3,3,5,4,4,4,5,4,3,4,5,3,4,5,5,3,46,"Woman","Yes","White","No","Bachelor’s Degree","No"
"164",164,6,6,6,6,6,6,6,6,6,6,1,5,3,6,6,5,5,4,6,6,5,6,6,5,5,5,5,6,6,6,6,6,5,4,2,2,4,6,6,3,2,2,4,6,6,6,37,"Non-Binary or Gender Fluid","No","White","No","High School","No"
"165",165,3,6,6,6,6,3,3,4,6,5,4,5,3,4,5,3,3,4,3,3,6,4,4,5,4,4,4,5,5,5,6,5,6,2,3,4,4,4,2,4,4,3,5,5,4,5,42,"Woman","Yes","White","No","Bachelor’s Degree","No"
"166",166,2,6,4,1,6,6,1,1,6,1,6,5,3,1,4,1,2,6,1,2,4,4,6,6,6,6,1,5,5,6,6,6,5,1,2,3,1,4,1,1,3,3,6,5,4,1,35,"Man","Yes","Black or African American","No","Associate’s Degree","No"
"167",167,5,6,6,6,6,6,5,4,6,4,6,6,3,3,4,2,6,5,4,4,6,5,5,NA,3,3,4,6,6,1,1,6,1,3,1,1,1,4,1,2,3,1,3,6,5,4,31,"Woman","Yes","White","No","High School","Yes"
"168",168,1,1,3,3,2,1,1,1,6,4,4,4,3,1,2,1,1,1,1,1,6,1,3,6,5,3,4,3,4,5,2,2,3,1,6,5,1,4,1,6,4,4,6,4,1,2,31,"Woman","Yes","White","No","Associate’s Degree","No"
"169",169,5,5,6,6,4,5,6,4,5,5,1,6,3,4,3,3,5,5,5,5,6,5,2,6,5,2,6,NA,5,6,3,3,5,3,1,4,4,5,3,4,4,3,4,6,4,6,32,"Man","Yes","Asian or Asian American","No","Bachelor’s Degree","Yes"
"170",170,6,6,6,6,6,6,6,6,6,6,2,4,3,6,6,4,6,6,6,6,6,6,6,5,5,5,6,6,4,5,6,6,5,5,1,1,6,5,5,1,1,1,1,6,5,6,40,"Man","Yes","White","No","High School","Yes"
"171",171,3,4,4,5,5,5,4,3,5,4,6,5,3,4,5,1,4,4,4,3,6,4,5,1,1,1,4,5,6,6,6,6,4,2,3,4,4,4,2,6,4,4,5,5,3,4,56,"Man","Yes","Black or African American","No","Bachelor’s Degree","No"
"172",172,5,6,6,6,6,6,6,6,6,4,4,4,3,4,5,4,5,5,4,6,5,5,5,5,3,4,4,5,6,5,4,4,4,4,3,2,4,4,3,4,4,2,5,6,1,4,59,"Man","Yes","White","No","High School","No"
"173",173,5,6,5,6,6,5,5,5,6,6,6,6,3,5,5,6,2,6,5,6,6,6,6,6,6,5,5,5,5,6,6,5,6,3,2,1,6,5,4,5,5,1,4,6,6,5,51,"Man","Yes","White","No","High School","No"
"174",174,3,4,3,3,3,3,3,3,5,4,4,3,3,3,4,3,3,3,3,3,5,3,4,4,3,3,3,4,4,4,4,4,3,3,4,4,2,4,3,4,3,3,4,4,3,4,48,"Woman","Yes","Asian or Asian American","No","Bachelor’s Degree","No"
"175",175,5,5,3,4,5,5,4,5,5,4,5,3,3,2,2,3,4,5,4,4,5,5,3,5,2,4,5,5,4,3,5,5,2,5,5,5,2,4,2,5,5,5,5,5,2,5,34,"Man","Yes","Latine or Hispanic","Yes","High School","No"
"176",176,6,6,6,6,4,6,6,6,6,6,4,6,3,4,6,4,6,6,6,6,5,6,6,6,5,5,4,6,6,6,6,6,4,3,2,1,4,6,4,1,1,1,4,3,6,6,21,"Woman","Yes","White","No","High School","Yes"
"177",177,3,4,3,3,4,2,2,2,4,4,4,4,3,2,3,4,3,2,2,2,4,3,4,4,4,3,4,4,5,5,4,4,5,3,3,4,2,4,3,5,5,4,5,5,5,4,68,"Man","Yes","White","No","High School","No"
"178",178,5,6,5,5,5,5,5,5,5,5,1,5,3,5,5,5,5,4,5,3,4,5,5,5,4,5,4,5,5,5,4,4,6,3,3,1,3,6,4,2,2,2,3,5,4,4,44,"Man","Yes","Asian or Asian American","No","Associate’s Degree","Yes"
"179",179,6,6,6,6,6,6,6,6,6,6,4,5,3,6,6,6,6,3,6,6,6,5,5,6,6,5,6,4,5,5,5,6,4,3,2,6,1,6,3,3,5,2,4,2,6,6,29,"Woman","Yes","White","No","Bachelor’s Degree","No"
"180",180,4,6,6,6,6,3,4,3,5,6,1,5,3,2,3,3,1,1,4,3,4,3,4,6,5,4,4,3,5,5,6,5,5,1,2,4,1,5,1,4,4,4,6,4,3,5,31,"Man","Yes","Asian or Asian American","No","Prefer not to say","No"
"181",181,5,5,5,5,5,5,5,5,5,3,2,4,5,2,4,2,5,4,2,4,6,5,5,5,5,4,5,5,6,6,5,5,5,2,4,2,2,4,1,5,2,4,6,4,4,5,41,"Woman","Yes","White","No","Associate’s Degree","No"
"182",182,4,6,4,3,5,5,3,4,6,4,3,5,3,3,4,5,4,5,3,3,5,3,5,5,6,5,4,5,5,4,5,5,4,4,4,3,4,4,4,5,4,4,3,4,5,5,28,"Man","Yes","Black or African American","No","High School","No"
"183",183,5,5,4,4,4,5,5,4,5,5,3,4,3,4,6,3,5,2,5,4,6,5,5,5,5,3,4,4,5,5,3,3,4,3,4,4,3,4,3,4,4,3,5,1,5,4,32,"Man","Yes","White","No","Associate’s Degree","No"
"184",184,4,6,5,5,5,5,3,4,5,5,4,5,3,4,4,3,2,5,4,5,5,4,3,4,1,3,6,5,5,4,4,4,5,5,3,2,4,4,3,5,5,1,4,3,4,4,27,"Man","Yes","White","No","Bachelor’s Degree","No"
"185",185,5,6,6,6,6,6,5,5,5,5,2,6,3,5,6,6,6,5,5,5,6,6,6,3,4,5,6,6,5,6,5,5,6,4,1,1,6,6,5,1,2,1,2,6,3,5,45,"Man","Yes","White","No","Bachelor’s Degree","Yes"
"186",186,4,5,2,2,2,5,4,4,5,5,5,4,3,4,4,3,4,3,4,2,5,5,4,5,4,4,5,4,5,5,4,4,4,2,3,5,2,4,2,4,4,3,5,2,2,2,33,"Prefer not to say","Prefer not to say","Prefer not to say","No","Bachelor’s Degree","Prefer not to say"
"187",187,5,6,6,6,6,6,3,2,6,6,4,6,3,3,6,2,4,5,5,6,6,6,3,6,5,4,6,6,6,6,2,4,6,4,4,3,1,6,1,3,6,2,6,6,2,6,37,"Man","Yes","White","No","Associate’s Degree","No"
"188",188,6,6,6,6,6,6,6,6,6,6,6,6,3,6,6,4,4,4,6,6,6,6,6,6,5,6,6,6,6,6,6,6,6,1,5,4,1,6,1,4,6,2,5,6,5,6,26,"Woman","Yes","White","No","Bachelor’s Degree","No"
"189",189,2,5,6,5,6,5,3,3,6,4,4,4,3,1,1,3,1,2,2,1,5,3,4,5,5,2,4,3,5,6,5,5,2,2,5,4,2,5,1,4,4,5,6,5,5,3,62,"Woman","Yes","White","No","Bachelor’s Degree","No"
"190",190,6,6,6,6,6,6,6,5,6,6,1,6,3,6,6,6,6,5,6,6,5,5,6,6,6,5,6,6,6,6,6,6,6,3,1,1,5,6,3,1,1,2,4,6,6,6,60,"Woman","Yes","White","No","Bachelor’s Degree","No"
"191",191,4,6,5,4,4,4,4,4,4,5,4,5,3,4,5,4,3,3,3,3,4,4,5,6,5,3,4,4,3,4,4,3,4,2,3,3,3,4,1,3,2,2,6,4,3,6,74,"Man","Yes","White","No","Bachelor’s Degree","No"
"192",192,5,6,5,5,6,5,4,3,6,4,3,5,3,3,5,3,2,4,4,3,5,4,5,5,5,5,6,6,4,5,5,5,5,3,4,2,4,5,4,2,4,2,4,5,5,5,27,"Woman","Yes","White","No","Bachelor’s Degree","No"
"193",193,6,6,6,6,6,6,6,6,6,6,3,5,3,6,5,6,5,5,6,6,5,5,6,6,6,6,6,6,5,6,6,6,4,3,3,1,3,6,5,1,1,1,2,2,6,5,31,"Non-Binary or Gender Fluid","No","Prefer to self-describe","No","Associate’s Degree","No"
"194",194,5,5,4,5,5,4,4,4,5,5,5,5,3,4,4,3,3,5,3,4,5,5,4,5,5,3,5,5,5,3,3,4,4,5,3,5,5,4,4,2,2,2,2,6,3,3,36,"Man","Yes","Black or African American","No","Associate’s Degree","No"
"195",195,2,3,4,4,5,3,3,3,5,5,3,5,3,3,4,4,2,4,3,3,5,4,4,4,1,2,4,5,5,5,5,5,4,2,1,4,3,3,2,5,4,3,4,5,5,5,60,"Man","Yes","White","No","High School","Yes"
"196",196,6,6,6,6,6,6,6,6,6,5,2,6,3,6,6,5,5,6,5,6,6,6,6,6,5,4,6,6,6,6,5,5,6,4,2,1,4,5,4,2,3,1,5,6,6,4,31,"Man","Yes","White","No","High School","No"
"197",197,2,5,2,2,6,1,1,1,6,5,2,4,3,1,1,2,2,2,1,2,6,2,6,5,2,2,5,5,5,5,5,5,5,1,6,5,2,5,2,5,5,4,6,5,2,5,51,"Man","Yes","White","No","High School","No"
"198",198,4,6,6,5,6,4,2,3,4,4,5,2,3,3,3,3,3,3,3,3,4,4,4,5,2,2,4,4,4,5,3,3,4,2,4,3,3,3,2,5,2,3,5,5,4,4,38,"Woman","Yes","White","No","High School","No"
"199",199,6,6,6,6,6,6,6,6,6,6,2,6,3,1,6,6,5,4,5,4,5,5,5,5,5,4,6,6,5,5,6,6,5,2,3,2,4,6,3,2,2,2,5,5,2,6,41,"Woman","Yes","White","No","High School","No"
"200",200,5,6,4,4,2,5,5,5,5,5,2,5,3,5,6,3,5,5,5,5,5,4,3,5,4,5,5,4,5,6,5,5,5,2,4,4,2,5,2,2,3,2,4,4,4,5,31,"Man","Yes","White","No","Bachelor’s Degree","No"
"201",201,1,6,3,3,5,1,1,1,4,5,2,5,3,1,3,1,2,1,1,1,5,1,2,6,4,4,5,2,4,4,3,3,5,1,4,6,1,3,1,6,4,3,6,3,1,4,35,"Woman","Yes","White","No","Master’s Degree","No"
"202",202,4,6,4,3,4,5,4,4,4,5,3,6,3,4,4,4,3,3,3,5,5,4,4,4,5,5,3,5,4,6,3,4,5,3,3,3,4,4,2,3,4,3,5,4,4,3,21,"Man","Yes","Asian or Asian American","No","High School","Prefer not to say"
"203",203,6,6,6,6,6,6,5,5,6,6,1,6,3,5,6,6,5,6,4,5,6,4,6,6,6,6,4,6,4,5,6,6,6,3,2,1,4,6,5,1,1,1,1,5,5,6,43,"Man","No","White","No","Associate’s Degree","No"
"204",204,4,4,4,3,4,4,4,4,4,3,3,4,3,4,4,4,3,4,4,4,5,4,4,4,4,4,4,3,4,3,4,4,4,4,3,3,3,4,3,3,4,3,5,5,4,4,38,"Man","Yes","White","No","Bachelor’s Degree","No"
"205",205,5,6,6,6,6,6,6,6,6,6,4,4,3,6,6,6,5,6,4,6,5,6,6,5,4,4,6,6,5,6,4,6,6,3,2,1,4,6,4,2,2,1,3,4,4,4,24,"Woman","Yes","White","No","Bachelor’s Degree","No"
"206",206,2,5,1,1,1,2,2,2,5,5,5,3,3,1,1,2,6,2,4,2,5,2,2,5,5,2,4,3,5,5,4,4,5,2,5,5,2,2,2,3,4,3,6,5,5,3,30,"Woman","Yes","White","No","Associate’s Degree","No"
"207",207,4,6,6,6,6,6,4,4,6,6,2,4,3,4,6,4,4,4,4,4,5,6,4,5,4,5,6,4,6,6,6,6,6,3,3,2,4,6,4,2,3,2,3,5,6,6,36,"Man","Yes","White","No","High School","I don’t know"
"208",208,5,5,4,4,5,4,4,4,5,4,3,5,3,4,4,3,3,1,4,4,5,4,4,4,2,3,NA,5,4,5,2,4,4,2,4,4,2,4,2,5,5,4,5,4,2,3,26,"Man","Yes","White","No","Master’s Degree","No"
"209",209,4,5,4,4,6,3,3,3,6,4,5,4,3,2,3,3,1,3,2,2,5,4,3,4,3,3,4,3,5,4,5,4,5,3,5,6,2,4,2,5,4,2,5,4,4,4,37,"Man","Yes","White","No","Bachelor’s Degree","No"
"210",210,6,6,6,6,6,6,6,5,6,6,2,4,3,4,6,5,5,3,6,6,5,5,5,6,6,4,5,6,5,6,5,4,6,3,4,2,4,6,4,2,2,3,5,4,5,4,23,"Woman","Yes","White","No","Bachelor’s Degree","No"
"211",211,5,6,3,4,6,5,5,4,5,5,2,5,3,4,6,6,6,5,5,5,6,5,4,5,5,5,5,5,4,6,5,5,4,4,3,1,6,6,4,5,4,1,1,5,3,3,30,"Man","Yes","Asian or Asian American","No","Bachelor’s Degree","No"
"212",212,6,6,6,6,6,6,6,6,5,6,4,6,3,5,4,2,5,5,6,6,5,6,5,5,3,2,6,5,6,6,6,6,6,2,3,3,2,6,3,2,4,3,4,5,6,6,31,"Man","Yes","White","No","Master’s Degree","No"
"213",213,5,6,6,5,6,5,4,4,6,6,4,4,3,4,6,4,4,3,4,4,6,6,6,6,4,4,6,6,4,6,6,6,6,4,3,3,4,5,4,1,3,3,4,6,6,6,27,"Woman","Yes","White","No","High School","No"
"214",214,5,6,6,5,6,6,4,4,5,6,2,5,3,4,6,3,5,4,4,4,5,3,5,5,5,3,6,5,5,5,3,5,4,3,3,2,4,5,3,4,4,2,4,5,6,5,21,"Woman","Yes","White","No","Bachelor’s Degree","No"
"215",215,3,6,4,3,1,4,3,3,6,4,2,3,3,3,4,4,2,2,2,2,5,2,5,5,3,4,4,5,6,6,3,4,4,1,4,4,4,3,2,4,5,3,6,4,5,4,50,"Woman","Yes","Black or African American","No","High School","No"
"216",216,1,6,4,6,6,1,1,1,5,6,3,1,3,4,3,2,3,5,2,1,5,1,5,5,2,3,1,5,3,6,4,4,6,1,4,4,1,4,1,4,2,3,4,4,5,1,36,"Woman","Yes","White","No","High School","No"
"217",217,4,6,5,6,5,5,5,4,5,5,3,5,3,5,5,5,5,4,4,4,5,5,4,5,5,5,5,5,4,5,5,5,4,4,3,2,4,5,4,3,3,3,3,5,4,5,24,"Man","No","White","No","Bachelor’s Degree","No"
"218",218,5,5,4,4,5,5,5,4,5,5,2,4,3,4,5,3,3,2,3,4,5,4,3,5,5,4,5,4,2,5,2,5,2,2,3,2,1,5,2,2,2,2,5,4,4,4,32,"Woman","Yes","White","No","Bachelor’s Degree","No"
"219",219,2,6,3,3,3,3,2,2,5,5,4,4,3,3,NA,3,3,4,3,3,5,3,2,5,4,4,3,4,5,4,4,4,4,3,3,3,4,4,2,4,4,4,5,4,4,4,29,"Man","Yes","Black or African American","No","High School","No"
"220",220,4,6,6,6,6,5,3,3,6,5,4,5,3,4,3,1,4,3,2,3,6,4,3,4,4,2,5,4,4,5,4,5,5,3,3,2,4,5,3,5,6,4,6,6,2,4,37,"Woman","Yes","White","No","Associate’s Degree","No"
"221",221,4,5,5,5,5,5,4,5,5,4,4,5,3,5,4,3,3,5,5,5,4,4,5,4,4,2,5,4,5,5,3,5,4,5,3,3,4,4,4,5,5,3,3,5,4,4,30,"Man","Yes","White","No","High School","No"
"222",222,4,6,4,2,5,4,5,4,5,2,4,5,3,5,5,3,2,4,3,3,6,5,5,5,4,4,5,5,5,6,2,2,5,3,3,3,4,5,4,2,3,2,3,5,4,2,37,"Man","Yes","White","No","Bachelor’s Degree","No"
"223",223,4,6,5,4,6,5,4,3,3,5,2,4,3,4,4,4,3,5,3,2,4,3,5,3,1,1,6,4,6,6,3,3,5,3,3,1,3,5,5,4,4,2,4,6,2,3,33,"Man","Yes","White","No","Bachelor’s Degree","No"
"224",224,5,5,6,5,6,5,4,4,5,5,3,5,3,4,5,2,5,4,4,4,6,5,5,5,3,3,4,5,6,5,4,6,4,4,2,2,4,5,3,4,2,1,4,5,4,4,34,"Man","Yes","Multiracial","No","Professional Degree (J.D., M.D., etc.)","No"
"225",225,5,6,5,5,5,5,5,5,6,4,4,5,3,3,6,4,5,5,5,5,6,5,5,5,4,5,4,5,5,5,5,5,5,3,3,3,3,4,2,3,4,4,5,5,5,5,76,"Woman","Yes","White","No","High School","No"
"226",226,5,6,4,4,4,6,4,4,6,5,4,3,3,3,4,4,3,3,4,5,5,4,5,5,3,3,4,5,5,4,4,5,2,3,4,3,4,4,2,5,5,2,4,6,4,4,30,"Man","Yes","Black or African American","No","High School","No"
"227",227,6,6,6,6,6,6,6,4,6,4,4,4,3,4,6,4,4,4,6,4,6,6,4,5,3,1,4,6,6,6,3,4,6,4,3,4,1,4,3,3,3,5,5,4,4,4,29,"Woman","Yes","Asian or Asian American","No","High School","No"
"228",228,6,6,6,6,6,6,6,6,6,6,1,6,3,6,6,6,6,6,6,6,6,6,6,6,4,5,3,6,6,6,6,6,6,5,1,1,4,6,6,1,1,1,3,6,6,6,21,"Woman","Yes","White","No","High School","No"
"229",229,6,6,5,4,4,6,4,6,5,5,3,6,1,6,6,6,6,6,5,5,5,6,6,6,5,6,6,6,6,6,5,5,5,5,1,1,5,5,5,2,6,1,NA,6,6,5,22,"Woman","No","Prefer not to say","No","Less than High School","No"
"230",230,6,6,3,6,6,6,6,6,6,6,1,6,3,6,6,3,6,6,6,6,4,6,4,6,2,3,6,6,6,6,6,6,6,6,1,1,4,6,4,1,1,1,3,5,6,6,52,"Man","Yes","White","No","Bachelor’s Degree","No"
"231",231,4,6,6,6,6,5,4,3,6,6,2,6,3,3,3,2,NA,6,4,2,6,4,4,4,2,1,6,4,6,NA,4,5,4,3,2,2,4,6,4,3,3,2,4,4,4,5,32,"Man","Yes","White","No","High School","No"
"232",232,4,5,2,1,2,4,3,3,5,5,2,4,3,2,1,4,1,4,2,1,5,2,3,4,4,3,4,3,4,4,2,4,4,1,5,5,1,4,1,5,5,4,6,3,1,3,33,"Woman","Yes","White","No","High School","No"
"233",233,5,6,6,6,6,4,4,5,6,6,2,4,3,4,5,4,4,3,4,4,6,4,4,6,6,6,5,5,6,6,5,4,5,3,3,5,4,5,3,3,3,4,5,5,5,5,29,"Woman","Yes","White","No","Bachelor’s Degree","No"
"234",234,3,3,4,3,3,4,3,3,5,5,6,4,3,2,3,2,2,3,4,2,6,3,5,5,6,5,5,6,5,5,3,5,4,1,4,5,2,3,2,6,6,5,6,6,5,4,22,"Man","Yes","Black or African American","No","Bachelor’s Degree","Yes"
"235",235,6,6,6,6,5,6,6,5,4,6,2,5,3,4,6,3,5,4,4,6,6,6,6,5,3,3,5,6,4,5,6,6,6,3,1,1,5,5,5,2,2,2,4,4,4,5,31,"Woman","Yes","White",NA,"Master’s Degree","Yes"
"236",236,4,6,4,4,6,4,6,3,6,4,3,5,3,4,6,4,4,5,4,4,6,4,5,6,5,4,4,4,6,6,4,4,6,3,4,3,4,5,3,3,2,3,3,6,4,6,37,"Woman","Yes","Multiracial",NA,"Bachelor’s Degree","No"
"237",237,4,5,5,5,5,5,4,5,5,5,2,4,3,4,5,5,5,5,4,5,5,5,5,5,5,5,5,5,5,4,5,5,5,3,2,3,3,5,4,2,2,3,3,3,5,5,26,"Woman","Yes","White","No","Bachelor’s Degree","No"
"238",238,5,5,5,5,5,5,5,5,5,4,3,4,3,4,5,4,4,4,5,5,5,5,5,4,3,3,4,5,3,6,5,5,5,4,3,2,4,4,4,3,3,2,3,6,4,4,41,"Woman","Yes","White","No","High School","No"
"239",239,4,5,5,4,5,5,5,4,5,5,3,5,3,4,5,4,4,4,4,4,4,4,5,5,5,5,5,4,5,4,5,5,4,3,3,3,3,5,4,3,3,3,4,4,3,5,40,"Woman","Yes","White","No","Bachelor’s Degree","No"
"240",240,5,5,4,5,3,5,1,1,5,4,4,4,5,1,5,4,4,5,NA,4,4,4,4,4,6,5,1,1,4,5,5,4,5,4,4,4,4,5,5,4,6,6,5,5,5,1,50,"Man","Yes","Black or African American","No","Bachelor’s Degree","No"
"241",241,5,6,6,6,6,6,5,5,6,6,2,6,3,4,6,5,5,5,5,5,3,6,6,5,6,5,6,6,5,6,5,5,6,4,1,1,4,5,4,4,5,1,4,6,3,5,27,"Woman","Yes","White","No","Bachelor’s Degree","No"
"242",242,5,6,5,5,5,4,6,NA,6,6,1,5,3,5,5,6,3,6,6,6,5,6,5,4,6,5,6,5,4,6,4,3,4,5,2,1,4,6,5,1,3,1,4,6,5,4,36,"Man","Yes","White","No","Bachelor’s Degree","No"
"243",243,4,6,5,4,6,4,6,4,5,2,5,3,3,2,5,3,1,4,4,4,6,5,4,5,2,4,4,5,6,6,2,4,5,2,4,5,2,5,2,4,4,5,6,NA,5,5,32,"Man","Yes","White","No","Bachelor’s Degree","No"
"244",244,2,5,5,5,5,5,5,3,5,5,5,5,3,3,5,2,3,2,3,3,2,3,5,3,NA,3,2,5,4,4,4,4,4,3,2,2,2,5,3,2,2,2,5,5,3,5,43,"Woman","Yes","White","No","High School","No"
"245",245,5,6,6,6,6,4,5,4,5,6,5,6,3,3,5,2,2,4,5,2,6,4,4,5,4,3,6,4,5,5,5,5,6,3,2,4,2,5,4,3,3,2,5,6,5,6,40,"Woman","Yes","White","No","High School","No"
"246",246,4,5,3,3,4,5,5,4,4,4,5,4,3,3,4,3,3,4,4,3,4,5,4,5,4,3,5,5,4,4,3,4,4,5,5,3,5,4,5,3,4,3,4,4,4,4,32,"Man","Yes","Asian or Asian American","No","Bachelor’s Degree","No"
"247",247,5,6,6,6,6,6,5,4,5,4,5,5,3,5,5,4,3,5,4,6,5,5,5,6,6,6,4,5,6,5,5,5,4,4,2,3,4,5,4,2,3,2,5,6,2,5,28,"Woman","Yes","Asian or Asian American","No","Bachelor’s Degree","No"
"248",248,4,5,5,5,5,5,5,5,4,4,3,NA,3,5,4,4,3,5,3,5,4,4,4,4,4,4,6,5,4,4,4,4,3,5,2,3,5,4,4,4,5,2,3,5,3,4,23,"Man","Yes","Black or African American","No","High School","No"
"249",249,6,6,6,6,6,6,6,6,6,6,1,6,3,6,6,6,6,6,6,6,5,6,6,6,6,6,6,6,5,6,6,6,6,5,2,1,4,6,6,3,4,2,4,5,2,6,39,"Woman","Yes","White","No","Bachelor’s Degree","No"
"250",250,6,6,5,4,5,5,5,5,6,5,3,5,3,5,4,4,2,4,5,6,5,5,5,6,5,5,5,5,4,5,5,4,5,3,2,3,3,5,3,2,2,3,4,4,5,5,47,"Woman","Yes","White","No","Master’s Degree","No"
"251",251,4,6,5,4,5,5,4,4,6,4,4,4,3,5,4,4,5,5,4,4,6,5,4,5,5,4,6,5,5,4,5,4,3,4,2,2,4,5,3,3,3,2,3,6,5,2,40,"Woman","Yes","White","No","High School","No"
"252",252,6,6,6,5,6,6,6,4,6,6,1,5,3,3,6,5,3,3,6,3,6,4,5,6,6,6,6,6,6,6,3,6,5,2,1,2,2,6,3,2,2,1,5,4,3,6,28,"Woman","Yes","White","No","Bachelor’s Degree","No"
"253",253,6,6,6,6,6,6,6,6,6,6,1,5,3,6,6,6,6,6,6,NA,6,6,6,6,6,6,6,6,4,6,6,5,6,6,1,2,5,6,5,2,2,2,5,6,4,6,23,"Non-Binary or Gender Fluid","No","White","No","High School","No"
"254",254,5,6,6,5,5,5,5,5,6,6,3,6,3,5,5,4,6,4,4,4,4,4,6,5,5,4,4,5,5,5,5,5,6,2,2,2,2,5,2,1,2,1,6,6,4,4,46,"Woman","Yes","White","No","High School","No"
"255",255,5,5,5,5,5,5,5,5,4,4,2,4,3,4,3,2,4,4,4,5,5,4,5,5,2,2,5,6,5,5,5,5,5,5,3,2,3,4,3,2,3,1,4,5,3,4,54,"Man","Yes","White","No","High School","No"
"256",256,5,6,3,3,5,5,4,4,4,5,4,4,3,4,3,1,2,4,4,2,5,5,5,4,3,2,5,5,5,3,4,4,4,5,2,3,4,4,2,5,4,2,5,5,2,4,24,"Man","Yes","Asian or Asian American","No","Bachelor’s Degree","No"
"257",257,4,6,5,4,6,6,4,4,6,2,4,6,3,3,3,4,2,3,4,2,6,5,5,4,6,3,5,5,6,6,3,5,5,2,3,5,3,5,1,4,4,4,6,6,3,3,20,"Woman","Yes","Asian or Asian American","No","High School","No"
"258",258,5,6,6,6,6,6,6,6,6,6,2,5,3,2,5,3,4,5,5,6,6,4,5,6,6,5,5,6,6,6,4,5,5,1,1,2,5,5,1,2,2,2,6,5,5,6,37,"Woman","Yes","White","No","Doctorate Degree (PhD, PsyD, etc.)","No"
"259",259,6,6,6,6,6,6,5,5,6,6,2,6,3,5,6,4,5,5,5,5,5,6,6,6,6,6,6,6,6,5,6,6,5,2,3,3,2,6,2,3,5,3,3,5,6,5,25,"Man","No","Multiracial","No","Bachelor’s Degree","No"
"260",260,2,6,5,5,6,2,2,1,5,5,2,3,3,1,2,4,3,1,1,3,5,2,4,4,2,4,1,4,4,6,2,2,3,2,5,5,2,4,2,5,3,4,5,5,4,3,NA,"Woman","Yes","Latine or Hispanic","Yes","High School","No"
"261",261,3,3,5,5,5,2,3,2,5,4,4,4,3,1,3,2,2,3,2,4,5,3,2,4,2,4,4,5,5,4,4,3,4,2,2,4,1,3,2,4,5,5,5,5,6,4,48,"Woman","Yes","White","No","High School","Yes"
"262",262,1,6,1,1,1,1,1,1,6,6,6,6,3,1,1,1,1,1,1,1,6,1,1,6,6,1,6,6,1,6,1,6,6,1,1,6,1,1,1,6,6,3,6,6,6,6,58,"Woman","Yes","Black or African American","No","Associate’s Degree","No"
"263",263,3,6,2,3,5,2,2,2,5,3,3,3,3,3,3,3,2,2,2,2,4,2,4,4,4,2,3,5,4,4,4,4,4,2,4,4,2,4,1,5,5,3,5,4,2,2,35,"Man","Yes","White","No","Bachelor’s Degree","No"
"264",264,4,6,5,6,6,5,5,4,5,5,3,5,3,5,4,4,5,5,5,4,4,5,4,5,4,4,5,5,5,5,5,5,4,4,1,2,4,5,4,3,2,2,2,5,6,4,33,"Woman","Yes","White","No","High School","Yes"
"265",265,6,6,6,6,6,6,6,5,6,5,2,6,3,5,6,6,4,4,5,4,6,6,6,6,6,6,6,6,5,6,6,6,6,2,1,3,5,6,4,4,3,2,2,4,4,6,31,"Woman","Yes","White","No","Master’s Degree","No"
"266",266,6,6,6,6,6,6,6,6,6,6,2,6,3,2,4,5,2,4,6,4,4,5,6,5,5,5,6,6,6,6,5,6,6,2,1,2,4,6,2,4,3,2,4,6,4,5,46,"Man","Yes","White","No","Master’s Degree","No"
"267",267,5,5,5,4,5,5,5,5,5,5,2,5,3,3,5,4,5,5,5,5,3,5,5,5,5,4,5,5,2,5,3,4,4,3,2,2,4,5,3,3,4,2,4,5,5,3,37,"Man","Yes","White","No","Bachelor’s Degree","No"
"268",268,4,6,6,3,6,4,4,2,6,6,6,5,3,4,2,4,6,1,1,1,6,2,6,5,3,2,5,3,5,5,6,6,6,1,3,6,1,4,1,5,4,3,6,6,5,4,35,"Woman","Yes","White","No","Bachelor’s Degree","No"
"269",269,4,6,6,6,6,6,4,4,6,5,2,4,3,3,5,5,3,4,4,4,5,5,4,4,4,3,4,4,5,5,4,4,4,4,3,2,3,4,3,2,4,2,3,5,3,4,24,"Non-Binary or Gender Fluid","Prefer not to say","White","No","High School","No"
"270",270,4,6,6,6,6,5,5,4,3,5,1,3,3,4,6,4,1,4,4,5,6,4,5,5,5,6,5,5,5,5,5,5,6,5,1,2,4,5,3,5,6,2,5,5,5,2,46,"Woman","Yes","White","No","Associate’s Degree","No"
"271",271,4,6,4,3,5,3,4,3,6,4,4,3,3,3,3,5,1,2,3,4,5,4,3,5,2,3,4,2,4,2,2,5,4,1,2,5,4,4,4,5,4,2,4,5,2,3,54,"Man","Yes","White","No","Associate’s Degree","No"
"272",272,6,6,6,6,6,6,6,6,6,6,1,6,3,6,6,6,6,6,6,6,6,6,6,6,6,5,6,6,6,6,6,6,6,5,1,1,6,6,5,1,6,3,4,6,6,6,34,"Woman","Yes","White","No","High School","No"
"273",273,4,6,4,4,6,4,4,3,6,6,4,4,3,3,3,1,2,3,1,3,5,2,5,6,4,4,4,5,6,6,4,4,6,1,4,3,1,4,3,4,4,3,6,5,4,4,46,"Man","Yes","Indigenous, Aboriginal, or First Nations","No","Master’s Degree","No"
"274",274,1,6,2,2,2,1,4,1,6,6,6,5,3,1,1,1,1,1,1,2,6,1,4,5,1,1,4,4,6,4,1,1,6,1,6,6,1,4,1,6,4,4,6,6,4,5,43,"Man","Yes","White","No","High School","No"
"275",275,4,6,5,5,5,5,5,4,5,5,4,5,3,2,3,4,2,2,4,3,5,4,5,5,4,4,3,4,5,5,5,4,5,2,2,2,3,4,2,2,3,2,5,5,3,5,35,"Man","Yes","Latine or Hispanic","Yes","High School","No"
"276",276,3,5,3,3,5,3,1,1,6,4,4,3,3,3,3,2,1,2,1,1,5,1,5,4,1,1,5,2,6,6,3,2,6,1,3,6,1,4,1,5,5,3,6,4,1,3,32,"Man","Yes","White","No","High School","No"
"277",277,5,5,4,3,3,3,5,4,5,6,4,5,3,4,4,4,2,5,6,4,4,5,4,5,3,4,5,4,6,5,4,4,4,2,3,5,5,5,4,4,5,3,4,5,1,4,NA,NA,NA,"White","No","Professional Degree (J.D., M.D., etc.)","No"
"278",278,2,5,2,NA,2,4,4,2,5,5,4,2,3,2,3,3,4,5,3,5,4,5,5,4,3,3,6,5,5,3,4,4,4,5,2,3,5,4,4,4,4,2,2,5,3,2,26,"Woman","Yes","White","No","Associate’s Degree","No"
"279",279,6,6,6,6,6,6,6,4,6,6,3,4,3,6,5,4,6,5,4,4,5,6,5,5,5,4,6,5,5,5,6,6,5,3,4,1,2,5,1,2,4,1,5,6,2,3,67,"Man","Yes","White","No","Master’s Degree","No"
"280",280,4,5,4,4,4,4,6,4,4,4,3,5,3,5,4,4,4,4,4,4,5,4,4,5,4,5,5,5,6,4,5,4,5,3,3,1,4,4,4,1,2,2,2,5,5,4,27,"Man","Yes","Black or African American","No","High School","No"
"281",281,6,6,6,6,6,6,6,6,6,6,1,6,3,6,6,3,6,4,6,6,6,6,6,6,1,1,1,6,6,6,4,4,6,4,1,1,4,6,1,1,1,1,6,6,6,6,57,"Woman","Yes","White","No","Other option not represented here","No"
"282",282,3,6,4,4,6,4,3,2,6,6,1,1,3,1,1,2,1,4,1,4,6,2,6,6,1,1,2,6,6,6,4,4,6,1,1,4,2,3,2,3,3,1,5,6,1,4,51,"Man","Yes","White","No","Bachelor’s Degree","No"
"283",283,3,5,5,5,6,3,5,5,5,4,4,4,3,3,3,5,3,4,3,3,5,4,4,5,4,4,5,5,5,5,4,4,5,3,3,4,3,4,3,4,5,3,3,3,5,5,27,"Woman","Yes","White","No","High School","No"
"284",284,4,2,4,2,6,4,2,1,3,6,1,4,3,6,3,6,5,6,2,5,4,6,6,6,4,1,6,6,5,5,4,4,6,6,1,1,6,2,6,3,4,1,1,6,4,5,51,"Man","Yes","Black or African American","No","Bachelor’s Degree","No"
"285",285,4,4,2,4,4,3,3,3,6,4,5,4,3,2,5,3,1,4,2,3,6,5,5,4,3,2,5,5,6,4,4,4,5,3,4,5,2,5,1,1,4,2,6,4,4,5,45,"Man","Yes","Latine or Hispanic","Yes","High School","Yes"
"286",286,4,2,1,3,5,4,1,2,5,3,4,4,3,1,1,5,1,1,1,1,4,3,4,1,1,1,4,3,5,6,3,3,5,2,2,5,1,5,1,2,1,5,5,4,3,1,38,"Man","Yes","White","No","Bachelor’s Degree","No"
"287",287,4,6,3,3,4,3,4,4,6,3,4,4,3,3,5,4,3,4,4,3,4,5,5,3,2,2,2,5,4,6,4,4,2,2,3,3,4,3,2,3,4,3,3,5,2,3,56,"Woman","Yes","Black or African American","No","Associate’s Degree","No"
"288",288,2,6,4,5,5,4,4,3,6,4,4,5,3,3,4,3,3,5,4,2,5,4,4,6,4,4,5,4,6,5,4,4,4,3,4,3,4,4,3,4,4,4,4,6,2,5,35,"Man","Yes","Black or African American","No","High School","No"
"289",289,5,6,4,4,2,5,3,4,5,5,2,5,3,4,5,3,4,2,2,5,5,2,4,5,4,2,4,5,5,5,3,6,5,1,4,2,2,5,4,4,5,2,4,5,5,3,24,"Woman","Yes","Multiracial","No","High School","No"
"290",290,4,6,4,4,6,4,4,1,6,6,1,4,3,1,3,1,1,1,1,1,6,1,5,6,5,5,1,4,6,6,6,6,6,1,4,6,1,6,1,6,4,6,6,6,6,4,48,"Woman","Yes","Prefer to self-describe","No","Bachelor’s Degree","No"
"291",291,6,6,6,5,6,5,6,6,5,5,1,3,3,5,6,5,4,5,5,4,5,6,6,5,5,2,4,6,5,6,5,5,4,6,1,2,5,5,4,2,2,1,4,6,5,6,44,"Woman","Yes","White","No","Bachelor’s Degree","No"
"292",292,4,6,6,6,6,6,5,6,6,6,2,6,3,4,5,2,5,5,4,6,6,5,5,2,1,2,6,5,6,5,5,6,5,4,1,3,4,5,3,2,3,3,5,5,4,6,NA,"Woman","Yes","White","No","High School","Yes"
"293",293,4,5,4,4,4,4,4,4,4,4,3,4,3,4,4,3,3,4,4,4,4,4,4,NA,4,4,4,4,4,4,4,4,4,4,3,3,4,4,4,4,4,3,3,4,3,4,29,"Man","Yes","Asian or Asian American","No","Bachelor’s Degree","No"
"294",294,5,5,4,3,3,4,2,3,5,4,3,4,3,3,4,2,1,2,5,3,5,2,5,5,3,4,4,5,5,4,4,5,4,1,4,4,2,4,2,4,3,2,6,5,3,4,26,"Man","Yes","White","No","Master’s Degree","No"
"295",295,5,6,5,5,6,6,5,5,5,3,4,5,3,5,5,3,5,6,4,5,5,5,4,5,4,4,6,6,4,4,4,4,6,5,3,1,4,4,3,3,3,3,3,6,5,5,28,"Man","Yes","White","No","High School","No"
"296",296,5,5,4,4,4,4,4,4,4,4,5,4,3,4,4,3,4,4,4,4,5,4,3,5,4,3,4,4,4,4,4,3,4,3,4,3,4,5,4,4,4,3,3,4,3,4,39,"Man","Yes","Asian or Asian American","No","Doctorate Degree (PhD, PsyD, etc.)","No"
"297",297,2,6,5,4,5,4,3,3,6,6,2,4,3,3,3,4,2,3,2,3,5,4,2,6,3,3,5,3,5,5,4,4,5,4,4,4,3,5,3,3,3,2,5,4,3,5,27,"Man","Yes","Asian or Asian American","No","Master’s Degree","No"
"298",298,6,6,6,6,6,6,6,6,6,6,1,6,3,6,6,1,2,6,6,6,6,6,6,1,1,1,6,6,6,6,2,3,6,1,6,5,1,6,2,3,3,4,6,6,1,6,28,"Man","Yes","White","No","High School","Yes"
"299",299,4,4,5,4,4,4,3,3,3,4,3,5,3,4,4,3,4,4,3,4,5,4,3,5,3,3,5,3,4,3,3,3,4,4,3,3,4,4,3,4,3,3,4,5,4,4,43,"Man","Yes","White","No","Bachelor’s Degree","No"
"300",300,1,6,3,3,4,3,2,2,5,4,3,5,3,2,4,1,1,1,1,1,6,2,2,5,4,4,4,3,3,4,4,5,4,2,3,6,2,3,1,4,5,3,6,3,1,4,39,"Woman","Yes","White","No","Master’s Degree","No"
"301",301,2,5,4,4,4,4,3,3,4,2,1,3,3,2,2,6,2,1,4,3,2,4,4,5,2,3,2,4,6,5,1,2,4,5,5,6,1,4,1,5,4,2,6,2,4,2,50,"Man","Yes","Black or African American","No","Bachelor’s Degree","No"
