ResponseId,PROLIFIC_PID,Q_RecaptchaScore,Duration (in seconds),q1,q2,q3,q4,q5,q6,q7,q8,q9,q10,q11,q12,attn,q13,q14,q15,q16,q17,q18,q19,q20,q21,q22,q23,q24,q25,q26,q27,q28,q29,q30,q31,q32,q33,q34,q35,q36,q37,q38,q39,q40,q41,q42,q43,q44,q45,age,gid1,gid1_4_TEXT,gid2,race-eth-id_1,race-eth-id_2,race-eth-id_3,race-eth-id_4,race-eth-id_5,race-eth-id_6,race-eth-id_7,race-eth-id_8,race-eth-choice,ed,sud_hx
R_PBAwHS6BP0EesIp,5dc5bafe76244042b6b3b83f,0.899999976,184,5,6,6,6,6,5,6,5,6,6,2,6,3,5,6,5,6,5,5,5,6,5,6,5,5,5,5,5,5,5,5,6,6,3,1,2,4,6,5,1,2,2,3,4,5,6,30,Woman,NA,Yes,NA,NA,NA,NA,NA,White,NA,NA,NA,Master’s Degree,No
R_2Tz38HLW8KhplSu,60898c978b1dc39b0ec29479,1,397,4,6,4,3,4,3,3,3,6,4,3,4,3,1,2,3,1,2,1,3,4,1,4,5,4,5,5,2,5,5,5,6,5,1,3,5,2,4,1,5,4,2,6,5,4,1,49,Woman,NA,Yes,NA,NA,NA,NA,NA,White,NA,NA,NA,Master’s Degree,No
R_1hWMP3rKNWDsniW,651c2756b4621cab0abba8fa,1,268,5,6,6,6,6,6,5,5,6,6,3,5,3,4,6,5,3,4,5,3,6,5,6,6,6,4,5,6,5,5,6,6,5,6,2,2,4,6,4,3,4,2,3,5,5,6,24,Man,NA,Yes,NA,NA,NA,NA,NA,White,NA,NA,Ethnically german and irish,Bachelor’s Degree,I don’t know
R_UGBgOy2XJIEnVYd,65235299125f71d52e39f209,0.899999976,298,5,6,6,6,6,5,6,5,6,6,4,5,3,2,3,4,1,2,5,4,5,5,6,6,6,4,6,6,5,5,5,5,5,4,2,2,2,5,4,2,4,3,6,5,5,5,43,Woman,NA,Yes,NA,NA,NA,NA,NA,White,NA,NA,NA,Bachelor’s Degree,No
R_xx3K77IW60lrzoJ,651c2756b4621cab0abba8fa,0.899999976,157,5,6,6,6,6,5,6,5,6,5,3,5,3,4,6,4,4,4,6,5,6,5,6,6,6,5,5,6,6,5,6,5,6,5,2,2,4,5,5,4,4,2,3,5,6,5,24,Man,NA,Yes,NA,NA,NA,NA,NA,White,NA,NA,NA,Bachelor’s Degree,No
R_2UXU7VpDXDAaTka,633643465b40568290457617,0.899999976,371,4,6,4,4,4,4,2,2,6,5,1,5,3,3,3,3,1,2,1,1,4,4,2,6,4,1,5,1,6,6,2,4,6,4,2,3,4,4,2,6,4,3,6,NA,4,6,31,Man,NA,Yes,NA,NA,NA,Latine or Hispanic,NA,NA,NA,NA,NA,Bachelor’s Degree,No
R_3lzSdk346uXV2QW,65216acf7bfd070f6ac40717,0.899999976,271,3,5,3,3,3,4,3,3,5,4,5,3,3,2,4,3,5,3,2,2,5,2,4,5,4,5,2,5,4,4,4,6,4,3,4,4,2,4,3,3,4,3,4,4,4,4,22,Woman,NA,Yes,NA,NA,NA,Latine or Hispanic,NA,NA,NA,NA,Latina,Bachelor’s Degree,No
R_b9Oh896mP9HCWyZ,63d14652689d5918c3efdb81,0.800000012,196,6,6,6,6,6,6,6,6,6,6,1,5,3,6,6,6,6,6,6,6,6,6,6,6,6,6,6,6,3,6,6,6,6,4,1,1,5,6,6,2,3,1,2,6,6,6,31,Man,NA,Yes,NA,NA,NA,NA,NA,White,NA,NA,NA,Associate’s Degree,No
R_2dGU5z0LCm1vnDG,6521fe0c55e6ac5ce3c35236,0.800000012,1064,5,5,3,2,3,6,1,2,5,6,4,4,3,1,4,5,3,2,5,4,4,4,5,6,5,3,5,5,4,3,5,5,4,6,3,4,4,4,3,6,5,3,3,5,6,6,36,Woman,NA,Yes,Asian or Asian American,NA,NA,NA,NA,NA,NA,NA,NA,Bachelor’s Degree,No
R_2CB8gacN4pBuORj,63e6fbbb06dfbbad96f35f76,0.800000012,889,5,5,5,6,6,6,5,4,5,6,3,4,3,5,5,1,5,6,5,5,6,4,3,6,1,1,5,5,6,5,3,4,6,1,3,6,1,3,1,4,4,6,6,6,1,6,30,Man,NA,Yes,NA,NA,NA,NA,NA,White,NA,NA,White guy,High School,No
R_12ajkl0jj0sLSpZ,5ba1beaecc5dd00001673e39,0.899999976,243,6,6,6,6,6,6,6,6,6,6,2,6,3,4,6,6,3,4,5,4,6,6,5,6,6,6,6,5,6,6,6,5,6,3,3,2,4,6,2,2,2,2,5,6,4,6,44,Man,NA,Yes,NA,NA,NA,NA,NA,White,NA,NA,white,Master’s Degree,No
R_0wb4giMPmI2Ky7n,5e34fca77169144cf210501c,1,587,4,4,5,4,5,5,4,4,6,5,4,5,3,4,4,3,3,4,3,4,5,4,6,4,4,4,3,6,5,4,6,6,6,3,3,1,3,5,2,3,3,2,3,4,4,3,52,Woman,NA,Yes,NA,NA,NA,NA,NA,White,NA,NA,NA,High School,No
R_bHNvtMkSPAqo3yp,5daa79d095be5f0017360d60,1,693,5,6,6,6,6,6,6,5,6,5,3,4,3,4,5,3,3,4,6,6,5,4,6,6,6,4,5,6,6,5,5,5,6,3,3,3,3,6,3,3,2,1,6,4,6,4,35,Man,NA,Yes,NA,NA,NA,NA,NA,White,NA,NA,White american,Master’s Degree,No
R_2U5BaETES7ct5t0,641377ae9aa7c72b8510fce1,0.800000012,1067,5,6,6,6,6,5,5,2,5,6,4,6,3,2,5,1,1,1,2,3,5,3,3,5,5,3,5,5,6,5,2,2,4,1,4,6,1,4,1,3,3,4,6,4,2,6,33,Woman,NA,Yes,NA,NA,NA,Latine or Hispanic,NA,NA,NA,NA,Latino,Associate’s Degree,No
R_3qR5SQVRyQ7zC0q,62b5e1d73e3c296905ba2738,0.899999976,84,4,4,2,3,3,3,2,4,NA,3,2,3,3,3,3,3,3,4,4,4,4,2,5,3,3,3,4,5,3,3,4,3,4,3,3,4,5,3,5,3,5,4,4,4,3,3,29,Man,NA,Yes,NA,NA,NA,NA,NA,White,NA,NA,White,NA,No
R_2at6aLQQDJ04Kwa,60ff346f3f035109a4a49a5c,1,228,4,6,6,5,6,4,4,4,5,5,2,4,3,4,3,4,5,2,4,3,6,4,4,5,6,4,4,5,5,5,6,6,6,3,4,2,2,6,3,4,3,2,6,5,5,5,27,Woman,NA,Yes,NA,NA,NA,NA,NA,White,NA,NA,NA,Bachelor’s Degree,No
R_SK7UUD2B7vrt01r,651aed8d811c6492ffd8edd4,0.899999976,1822,4,4,4,4,5,5,4,4,6,5,4,5,3,3,4,3,3,4,4,3,6,3,6,4,5,4,4,5,4,5,6,6,4,3,4,4,2,4,3,3,3,2,4,5,4,4,38,Woman,NA,Yes,NA,NA,NA,NA,NA,White,NA,NA,NA,Bachelor’s Degree,No
R_2P2aWu2gJW7mR6L,63d418d4229ed6c0712ce5bb,0.899999976,212,5,6,6,6,6,6,6,6,6,6,3,5,3,6,6,6,5,5,4,5,6,5,6,6,4,5,NA,6,4,6,5,5,4,6,2,2,5,6,5,3,3,3,2,6,5,6,29,Man,NA,Yes,NA,NA,NA,NA,NA,White,NA,NA,NA,High School,No
R_pmbwlUYOvefDMBj,63191ec331e88e4b069da50d,0.699999988,270,6,6,6,6,6,6,6,6,5,5,4,4,3,3,6,4,6,5,5,6,5,6,5,6,5,3,6,6,2,5,4,6,6,4,1,1,5,5,4,3,4,1,3,6,5,4,27,Woman,NA,Yes,NA,NA,NA,NA,NA,White,NA,NA,White,Associate’s Degree,No
R_2v7gmcx5kxCaMxy,581fce42429ef50001ac4fc1,1,431,5,6,6,6,6,6,6,5,6,3,3,4,3,6,5,3,6,6,5,6,4,5,6,6,6,2,5,5,6,4,5,5,4,4,2,1,5,5,4,2,2,2,2,6,1,1,31,Man,NA,Yes,NA,NA,Black or African American,NA,"Indigenous, Aboriginal, or First Nations",White,NA,NA,NA,High School,No
R_1QMVmrE6pwqZjgj,5e7694014add7908e8cedec2,0.899999976,308,5,6,6,6,6,5,4,4,6,6,1,6,3,4,6,3,4,2,4,2,NA,5,4,6,5,5,6,5,6,5,4,5,6,2,3,2,1,5,1,2,2,2,6,4,5,4,65,Woman,NA,Yes,NA,NA,NA,NA,NA,White,NA,NA,Human,Master’s Degree,No
R_PTVPxQDyjeTnkHf,5f58fa9f43f1b20c9761ed64,1,445,6,6,6,6,6,6,6,6,6,6,1,6,3,6,6,6,6,6,6,6,6,6,6,6,6,6,6,6,6,6,6,6,6,4,1,1,4,6,4,1,2,1,2,6,6,6,31,Non-binary,NA,No,NA,NA,NA,NA,NA,White,NA,NA,NA,High School,No
R_2EuGW0nvrYcr1YA,5fca8486c3b2ae6cd5c1c6db,1,222,6,5,6,6,6,5,6,4,5,6,5,2,3,5,5,4,5,4,4,4,5,6,5,5,4,5,2,6,4,4,3,4,5,3,2,1,5,5,2,3,2,1,3,5,5,2,34,Woman,NA,Yes,NA,NA,Black or African American,NA,NA,White,NA,NA,non-hispanic,Associate’s Degree,No
R_1l0RtkK88OCGOea,62b5ea86c27a56a257dffc82,1,341,4,5,3,3,4,2,4,3,5,6,5,4,3,4,5,3,1,3,4,3,6,4,5,6,4,4,5,5,6,5,5,5,5,2,2,3,4,4,5,4,4,4,4,5,4,3,52,Man,NA,Yes,NA,NA,NA,NA,NA,White,NA,NA,NA,Bachelor’s Degree,No
R_2uKUKKkDoxgiSBS,64bdfd7695f5559fff6d6817,0.899999976,621,6,6,6,4,6,6,4,5,6,6,5,6,3,4,4,5,3,4,4,4,5,4,6,6,5,4,6,6,6,6,4,4,5,3,3,2,3,6,3,3,3,2,4,6,6,6,23,Man,NA,Yes,NA,NA,Black or African American,NA,NA,NA,NA,NA,African American,Bachelor’s Degree,No
R_1DA4NfP1xUqQXjH,651f08935a6b4c558361bcc8,1,556,4,6,6,6,6,6,3,3,6,5,1,4,3,3,6,4,2,3,4,3,5,5,6,6,5,4,6,6,4,6,5,6,4,5,1,1,6,6,4,3,3,1,2,6,1,3,26,Woman,NA,Yes,Asian or Asian American,NA,Black or African American,NA,NA,White,NA,NA,Multi-racial/mixed,Bachelor’s Degree,No
R_2SiElafGZslUXlv,5eab837cd32796161807a09c,0.899999976,796,4,6,5,6,6,1,1,1,6,6,1,5,3,1,5,6,1,6,1,1,5,3,6,5,6,5,1,6,5,5,6,6,6,1,4,5,1,1,4,6,5,5,6,5,1,6,NA,Woman,NA,Yes,NA,NA,Black or African American,NA,"Indigenous, Aboriginal, or First Nations",White,NA,NA,Black,High School,No
R_1l4Ax5X4aMAwh3T,638f9e7c0efdd9badb8b0353,0.899999976,380,3,6,4,4,5,4,4,3,6,5,4,4,3,4,2,1,4,4,3,4,5,3,5,6,4,3,5,5,4,5,3,4,4,2,2,4,3,4,1,5,3,2,6,4,5,4,55,Woman,NA,Yes,NA,NA,NA,NA,NA,White,NA,NA,NA,Master’s Degree,No
R_1rMJxdsatGnmGo8,652396e2b5323ae8517c4ec9,1,257,NA,6,6,6,6,6,5,5,6,6,6,4,3,4,6,6,3,3,5,4,6,5,6,6,6,6,4,NA,6,6,2,3,6,2,2,3,2,3,2,2,5,3,6,6,6,3,26,Woman,NA,Yes,NA,NA,NA,NA,NA,White,NA,NA,NA,High School,No
R_1LeDqUIXRtllFxw,63fceba525d21052bc1ee390,0.899999976,289,5,6,5,5,5,5,5,3,6,4,4,4,3,5,5,5,5,5,5,3,6,6,3,4,5,6,6,5,6,6,5,5,3,5,5,6,3,5,5,5,5,4,4,5,5,4,66,Man,NA,Yes,NA,NA,NA,NA,NA,White,NA,NA,White,"Doctorate Degree (PhD, PsyD, etc.)",No
R_3HYWQkzUFO0gWnJ,63d80cb1ba40ad04c1edd4db,0.899999976,304,4,6,6,6,6,6,6,5,6,5,5,6,3,3,6,4,3,5,5,5,6,5,6,5,6,6,5,6,6,5,5,6,6,3,2,2,4,5,3,2,2,2,3,5,5,6,38,Woman,NA,Yes,NA,NA,NA,Latine or Hispanic,NA,NA,NA,NA,Mexican-American(Chicano/a),"Professional Degree (J.D., M.D., etc.)",No
R_1f3HdlhTe4GROxX,622e06e4046635b0eb64f103,0.899999976,415,4,6,4,4,5,5,5,5,6,6,1,5,3,6,6,5,3,6,4,4,6,4,4,6,4,4,5,5,5,6,5,5,6,3,3,3,4,5,3,2,2,1,4,6,3,4,56,Woman,NA,Yes,NA,NA,Black or African American,NA,"Indigenous, Aboriginal, or First Nations",White,NA,NA,Native American,Bachelor’s Degree,Yes
R_3KHDe8jLa85UIyT,6519b7779f62660cd8e62073,0.899999976,369,2,6,3,3,2,4,4,4,5,5,3,3,3,5,3,1,1,2,2,2,5,2,2,4,4,2,4,4,5,4,4,5,5,2,3,4,2,4,2,5,4,3,6,4,4,5,26,Woman,NA,Yes,NA,NA,NA,NA,NA,White,NA,NA,I am white American,Bachelor’s Degree,No
R_0HD0eMJfpzOZRNT,5c7a33cf0b94ca000141292e,1,989,2,6,3,3,4,2,4,4,5,4,4,4,3,2,3,3,1,4,3,4,5,4,3,3,5,4,5,4,NA,4,4,4,3,3,1,4,5,NA,4,NA,4,1,5,5,3,3,30,Woman,NA,Yes,NA,NA,Black or African American,NA,NA,NA,NA,NA,Black American,Other option not represented here,No
R_1E6i8zv2MZFtyX2,598552156ab9880001b5a70b,1,159,6,6,6,6,6,6,6,6,6,5,1,6,3,6,6,6,6,6,6,6,5,6,6,6,6,6,6,5,5,6,6,6,6,5,3,2,2,6,NA,3,4,2,4,6,6,6,56,Woman,NA,Yes,NA,NA,NA,NA,NA,White,NA,NA,Jewish,Master’s Degree,No
R_1jpGfK9LbVBk5AE,629aaa38fdfc8168501b930e,1,255,6,6,6,6,6,6,6,6,6,5,2,6,3,6,NA,5,5,5,6,6,5,6,6,6,NA,5,5,6,6,6,5,5,6,3,2,2,2,6,2,1,1,2,5,5,5,5,43,Man,NA,Yes,NA,NA,NA,NA,NA,White,NA,NA,NA,Master’s Degree,No
R_33EFva9vuBIgKWC,5c28a7d31c8e4c0001b2e0a4,0.899999976,485,4,4,5,5,5,5,3,4,5,5,3,4,3,4,5,4,4,4,3,5,5,4,6,5,3,2,4,5,6,6,4,5,6,4,3,2,4,5,3,5,5,2,5,6,4,4,33,Woman,NA,Yes,NA,NA,NA,NA,NA,White,NA,NA,NA,High School,No
R_PBsb6w2iNg6fFfj,5c58e01e6f4ec5000164c35a,0.899999976,157,6,6,6,6,6,6,6,6,6,6,4,6,3,3,6,6,6,6,6,6,6,6,6,6,6,4,4,6,6,6,6,6,6,4,1,1,4,6,3,1,1,1,3,6,6,6,31,Woman,NA,Yes,NA,NA,NA,NA,NA,White,NA,NA,NA,High School,Yes
R_0BNZtDQCEQQZjdT,632b21ce03008aff6a4314b6,0.899999976,218,2,5,5,6,6,5,4,1,4,2,5,2,3,4,5,2,4,4,1,5,6,4,1,4,1,2,5,2,5,2,2,2,2,1,4,2,2,4,1,6,5,3,5,6,1,2,31,Man,NA,Yes,NA,NA,NA,NA,NA,White,NA,NA,White,Associate’s Degree,No
R_3r0PQdE17Ks2sP3,61478ecd1e01b9439f5f7414,1,222,5,6,6,6,6,6,5,5,6,5,1,5,3,4,6,5,5,4,4,2,6,5,6,6,6,6,6,6,6,5,6,5,6,2,3,4,4,5,5,3,4,2,6,5,5,6,21,Woman,NA,Yes,NA,NA,Black or African American,NA,NA,NA,NA,NA,NA,High School,No
R_28IBlNEDMyq6kBN,5ac4fbad1667e40001d8615e,1,741,2,5,5,5,5,5,3,3,6,5,4,5,3,4,5,2,2,2,2,2,5,3,5,5,2,2,4,5,4,5,4,4,5,2,3,5,2,3,2,5,4,4,5,4,2,5,66,Woman,NA,Yes,NA,NA,NA,NA,NA,White,NA,NA,White/Caucasian,Bachelor’s Degree,No
R_1fk2z0h5oglm2py,61081ce8eae40330393949fb,0.899999976,227,5,6,5,5,5,2,3,2,5,5,5,5,3,2,2,5,2,5,5,5,5,5,4,5,5,5,5,5,5,5,5,5,5,2,2,NA,4,5,2,2,2,2,4,5,5,5,33,Woman,NA,Yes,NA,NA,NA,NA,NA,White,NA,NA,NA,Bachelor’s Degree,No
R_3KNlyYWBQhIvRJI,64d7a0dcc38de5bde7775058,0.899999976,234,1,5,4,5,6,3,2,2,6,5,4,3,1,2,6,5,3,1,2,3,4,2,6,5,1,3,1,6,5,4,3,4,4,1,5,3,1,5,1,5,5,5,6,4,5,3,33,Woman,NA,Yes,NA,NA,NA,NA,NA,White,NA,NA,White,Bachelor’s Degree,No
R_sbqxHotf9vcl0zf,5f202fb60bd98f087818ea51,0.899999976,325,4,6,2,3,5,4,4,3,4,4,5,4,3,4,3,1,2,4,4,5,4,5,4,6,4,5,4,4,5,6,5,5,6,3,3,3,4,4,2,3,3,4,4,6,5,2,25,Man,NA,Yes,NA,NA,NA,NA,NA,White,NA,NA,NA,Less than High School,No
R_2fdQRB3omqyLKU7,652017a42d6c0af7d9d75be4,0.899999976,428,5,6,4,5,4,5,5,5,5,5,3,4,3,4,5,2,5,5,4,5,5,5,5,5,5,5,5,5,5,5,4,4,4,3,3,4,4,5,3,4,4,4,4,5,3,5,27,Man,NA,Yes,NA,NA,NA,NA,NA,White,NA,NA,NA,Associate’s Degree,No
R_ukQNOa18Y7FSKIx,5aa52f9235237b000112fa15,0.899999976,172,6,6,6,6,6,6,6,6,6,6,1,5,3,6,6,6,6,6,6,6,6,6,6,6,6,5,6,6,5,6,6,6,6,3,2,1,4,6,5,1,3,2,2,6,6,5,23,Woman,NA,Yes,NA,NA,NA,NA,NA,White,NA,NA,NA,High School,No
R_1JCUDGC40ZDBlZ2,640152774945eb00209175b4,1,436,2,6,5,5,5,5,1,1,6,5,5,4,3,4,3,1,1,2,2,1,6,4,1,6,5,4,5,3,6,3,3,5,5,3,6,5,2,2,1,6,6,5,6,4,1,3,34,Man,NA,Yes,NA,NA,NA,Latine or Hispanic,NA,White,NA,NA,NA,Bachelor’s Degree,No
R_3MhBBbcd5PyjlMO,645279204383397c491617d9,0.899999976,210,4,6,3,4,3,5,4,3,6,6,1,3,3,2,6,2,1,5,4,3,6,5,6,6,6,6,5,6,5,6,5,5,6,3,1,1,3,6,3,1,3,3,4,6,6,5,23,Woman,NA,Yes,Asian or Asian American,NA,NA,NA,NA,NA,NA,NA,NA,Bachelor’s Degree,No
R_323GtkpH3Pq1HqP,630051de1dfc7f3ba6bb40cc,1,216,5,6,5,4,5,4,5,5,6,4,5,5,5,2,5,2,2,5,5,4,6,6,5,4,3,3,6,5,6,4,5,5,5,5,3,1,5,4,1,5,3,3,6,6,5,4,27,Man,NA,Yes,Asian or Asian American,NA,NA,NA,NA,NA,NA,NA,asian,Bachelor’s Degree,No
R_1FLo20dj5slsfDj,610acf4854e2d5c802d22419,1,320,5,6,6,6,6,5,6,5,6,5,4,4,3,6,6,5,5,3,5,5,6,5,6,4,4,4,5,6,5,5,4,4,5,4,3,1,3,5,4,1,2,2,3,5,5,4,34,Woman,NA,Yes,NA,NA,NA,NA,NA,White,NA,NA,NA,Master’s Degree,No
R_3fkOMFzBk4W75qc,60412f7a5f580407f8e6e615,0.899999976,214,4,6,6,5,5,6,5,4,6,6,2,6,3,4,6,4,3,3,4,4,6,4,6,6,6,6,4,5,6,6,6,6,6,2,3,5,2,6,2,3,4,3,4,6,6,5,37,Man,NA,Yes,NA,NA,NA,NA,NA,White,NA,NA,White,High School,No
R_2wMuvEFNKAeB4RG,6127e94c6abf253c484b38b7,1,532,2,6,5,5,5,6,4,4,6,5,5,5,3,2,3,3,4,2,3,2,5,4,5,5,5,5,3,5,5,6,4,5,5,3,4,3,2,4,1,5,5,2,6,5,5,5,28,Woman,NA,Yes,NA,NA,NA,NA,NA,White,NA,NA,white,Bachelor’s Degree,No
R_1gRRTDKMrFCjdoK,5d5defa4573c80001704d465,0.800000012,148,6,6,NA,6,6,5,5,1,6,6,1,5,3,5,5,6,1,5,6,5,6,5,5,6,6,6,5,5,6,6,5,5,5,1,6,1,3,6,1,1,1,3,6,5,4,5,43,Man,NA,Yes,NA,NA,NA,Latine or Hispanic,NA,White,NA,NA,NA,Bachelor’s Degree,No
R_8bKr4G3a6UhYWRj,63f7eb4fd0c75f760998818c,1,237,5,6,6,6,6,6,6,4,6,6,1,5,3,5,4,4,5,5,4,4,5,5,5,5,4,5,5,6,4,5,4,1,4,4,1,1,4,4,4,3,3,2,4,6,4,5,32,Woman,NA,Yes,NA,NA,NA,NA,NA,White,NA,NA,white,Bachelor’s Degree,Yes
R_vuJoj008fQ7ZwxX,63e5ad28519da14e2eaacaa0,0.899999976,281,5,6,4,4,6,5,5,4,6,4,2,5,3,5,NA,3,3,4,4,4,4,4,5,6,5,4,5,6,5,4,4,4,5,3,3,2,2,4,2,2,4,2,4,4,3,6,50,Woman,NA,Yes,NA,NA,NA,NA,NA,White,NA,NA,White,Master’s Degree,No
R_3NESKVUz7e1Y34w,64413c375a0ded04a4e99a3f,0.899999976,964,5,6,5,5,2,6,6,3,6,6,1,5,3,6,6,6,6,6,4,4,6,6,6,6,3,2,6,6,6,5,4,NA,6,6,3,1,4,5,3,1,1,1,3,6,5,5,34,Man,NA,Yes,NA,NA,NA,NA,NA,White,NA,NA,NA,Bachelor’s Degree,No
R_2WU4rAEzmISRCks,56435b83942576000a66eb5d,0.899999976,161,6,6,6,6,6,6,6,6,6,6,3,6,3,6,6,5,6,6,6,6,6,6,5,6,4,6,6,6,6,6,6,6,6,3,2,2,1,6,2,1,1,2,5,5,2,6,45,Man,NA,Yes,NA,NA,NA,NA,NA,White,NA,NA,NA,Bachelor’s Degree,No
R_2f27DAPpZSUh6KJ,63386db00f7528f25101593c,1,276,3,6,5,5,6,5,4,3,6,5,1,5,3,5,5,5,6,3,4,1,6,4,5,6,6,5,5,5,6,6,6,6,5,2,1,1,2,5,2,4,4,3,3,6,5,5,27,Man,NA,Yes,NA,NA,NA,NA,NA,White,NA,NA,NA,Bachelor’s Degree,No
R_3J4wboMWoGWbRgg,65230570655fe5199d697c8e,0.899999976,256,5,6,6,6,6,4,5,4,6,5,2,5,3,6,6,6,6,6,5,5,5,5,6,6,6,5,5,6,6,6,6,6,6,5,3,1,5,6,5,2,3,1,4,6,5,6,31,Man,NA,Yes,NA,NA,NA,Latine or Hispanic,NA,NA,NA,NA,Latinx,Master’s Degree,No
R_SDDd50ejL5es0wx,6400fe4c3c456ce3f67299fd,0.899999976,286,5,6,6,6,6,6,6,5,6,6,2,5,3,6,5,6,5,6,5,6,4,6,6,5,2,3,6,6,4,6,6,6,4,6,1,1,5,4,6,3,2,1,1,6,5,5,42,Man,NA,Yes,NA,NA,NA,NA,NA,White,NA,NA,NA,Associate’s Degree,No
R_1pL3nCxnFThjSw5,5da49efa203c590013533d84,0.899999976,492,4,4,3,3,4,4,4,4,4,4,3,3,3,3,4,3,4,3,3,3,4,4,5,4,4,4,5,5,3,5,4,5,5,3,3,3,4,4,4,3,3,2,3,5,4,3,47,Man,NA,Yes,NA,NA,NA,NA,NA,White,NA,NA,NA,High School,No
R_1M66XhJlRo4c8x6,60fef0626d87d03fb002641e,0.899999976,163,6,6,5,3,6,6,5,4,5,6,4,6,3,3,4,3,2,4,5,5,6,5,4,6,6,4,5,5,6,6,4,6,5,3,3,3,3,5,3,2,3,4,4,5,5,6,20,Woman,NA,Yes,NA,NA,NA,NA,NA,White,NA,NA,NA,High School,No
R_1P72x6cru534j3k,5f221df55ca7816a5c86b200,1,354,4,6,6,6,6,6,4,4,6,5,4,5,3,4,5,3,3,4,4,4,5,5,6,5,5,5,5,5,5,6,6,6,5,2,4,4,3,6,4,4,4,3,5,5,4,3,21,Non-binary,NA,No,NA,NA,NA,Latine or Hispanic,NA,NA,NA,NA,Hispanic,Bachelor’s Degree,No
R_6yw9q2AhznsJJtf,620bdf2aa922fc3f247f706b,0.899999976,254,4,5,4,4,5,4,4,4,5,3,6,4,3,3,4,1,3,4,4,5,6,5,3,6,2,2,4,3,5,3,3,3,3,4,3,3,4,4,3,4,6,2,3,4,6,4,22,Man,NA,Yes,Asian or Asian American,NA,Black or African American,NA,NA,NA,NA,NA,Black,High School,No
R_1IbBqLrf8CoJxdg,5d083644613fce001b2a1001,0.899999976,170,5,6,6,5,6,6,4,4,5,5,4,5,3,4,6,4,5,5,5,5,6,4,4,5,5,5,5,5,5,2,5,6,5,3,2,3,5,5,3,2,2,3,6,6,6,4,31,Woman,NA,Yes,NA,NA,NA,NA,NA,White,NA,NA,White american,Bachelor’s Degree,No
R_3fQ3jvAtjinSKRr,6139aed4f23d087290d96200,0.899999976,240,3,4,2,2,2,5,3,2,5,5,2,3,3,2,5,5,3,5,2,4,5,3,5,6,6,6,5,4,5,6,3,5,4,5,5,2,5,5,3,2,3,2,2,5,6,4,29,Woman,NA,Yes,NA,NA,Black or African American,NA,NA,NA,NA,NA,NA,High School,No
R_3sjIVIBK2JH5reg,63d94906463da95ed3d8e627,0.800000012,146,5,6,6,6,6,6,5,5,6,6,2,5,3,4,6,4,5,4,4,5,6,5,5,6,5,4,6,6,5,5,5,6,5,3,2,2,3,6,3,1,3,2,4,5,5,6,24,Man,NA,Yes,NA,NA,NA,NA,NA,White,NA,NA,NA,High School,Yes
R_2SvRnCOVGZGgjkf,59aaf1705e7f4800010eeec7,1,226,4,5,2,2,2,4,4,3,5,5,3,4,3,2,3,3,2,4,4,4,5,3,4,5,3,3,4,5,NA,4,3,3,NA,3,3,4,2,4,1,5,5,4,6,4,4,4,43,Man,NA,Yes,NA,NA,NA,NA,NA,White,NA,NA,white,Master’s Degree,No
R_3MxiR3MqYBHDtAY,631396e643dc2531c8fe2e45,1,331,1,5,4,4,6,4,1,1,6,5,1,5,3,3,5,3,1,1,1,1,4,2,5,5,5,5,5,6,6,5,4,4,5,2,2,4,2,3,3,5,5,1,6,4,3,2,62,Man,NA,Yes,NA,NA,NA,NA,NA,White,NA,NA,NA,High School,Yes
R_3ERPrQF7YXOJFNv,63f77ee4aa0961332b87fd0f,1,273,6,6,6,6,6,6,6,4,6,6,3,6,3,6,6,4,6,6,4,3,6,6,5,6,6,3,6,5,6,2,6,6,6,4,3,2,4,4,5,1,1,1,4,6,5,5,40,Non-binary,NA,No,NA,NA,NA,NA,NA,White,NA,NA,NA,"Doctorate Degree (PhD, PsyD, etc.)",Yes
R_3G2kVbpliCm6Khr,5b690c1840003400016fdb4b,0.800000012,326,5,6,6,6,6,6,6,5,6,6,2,6,3,2,6,6,6,2,5,1,5,5,6,6,4,4,6,6,6,6,5,5,6,2,5,2,1,5,1,3,5,3,6,5,2,6,35,Woman,NA,Prefer not to say,NA,NA,NA,NA,NA,White,NA,NA,NA,Master’s Degree,No
R_2sYc2DGNWDoWS8Q,55f244e632af740012170458,1,128,6,6,6,6,6,6,6,6,6,6,1,6,3,6,6,6,6,6,6,6,5,6,6,6,6,6,6,6,6,6,6,6,6,6,1,1,5,6,4,3,3,1,1,6,4,6,42,Man,NA,Yes,NA,NA,NA,NA,NA,White,NA,NA,NA,Master’s Degree,No
R_22WwEXzTsfMIXS8,627120b98967a5dbd4922c2e,0.899999976,100,4,5,4,3,5,4,4,3,3,3,3,3,3,5,3,4,3,4,4,4,4,4,4,4,4,4,4,4,4,5,3,3,5,4,2,3,4,3,4,3,4,4,4,5,4,5,37,Man,NA,Yes,Asian or Asian American,NA,NA,NA,NA,NA,NA,NA,asian,Master’s Degree,No
R_3QWVT9Tx9h3ddie,55595b70fdf99b387ae30d2b,1,208,6,6,6,6,6,6,6,5,6,5,1,6,3,6,6,5,4,5,5,5,4,6,5,6,4,4,4,5,5,5,5,6,5,2,2,2,2,5,4,2,2,2,4,6,2,5,37,Woman,NA,Yes,NA,NA,NA,NA,NA,White,NA,NA,NA,High School,No
R_1dbDDEX1vw0lTSz,6107694c81078fdc0ec30cfe,0.899999976,236,1,6,5,4,5,5,1,1,4,1,6,2,1,1,1,1,1,1,1,1,6,1,1,6,3,4,5,1,6,4,1,5,5,1,6,6,1,4,1,6,6,4,6,3,6,4,24,Woman,NA,Yes,Asian or Asian American,NA,NA,NA,NA,White,NA,NA,Eurasian,Master’s Degree,No
R_3elzHLsRip8BdtE,5ced9f04d98d55001aaf6702,0.899999976,204,6,6,6,6,6,5,6,6,6,6,1,6,3,6,6,6,6,1,5,6,6,6,6,6,6,6,6,6,6,6,6,6,6,6,1,1,6,6,6,1,1,1,1,6,6,6,31,Woman,NA,Yes,NA,NA,NA,NA,NA,White,NA,NA,White,Master’s Degree,No
R_1jfZXfBWAaU38sD,60ebbdd7a4f2acdb9a9769e5,1,377,6,6,6,6,6,6,6,6,6,6,1,5,3,6,6,5,6,6,5,5,5,6,6,6,6,4,6,6,6,6,6,6,6,3,1,1,4,6,4,1,2,1,2,6,6,6,34,Man,NA,Yes,NA,NA,NA,NA,NA,White,NA,NA,White,Master’s Degree,Yes
R_3OqVssthd9vtgOz,57a08ec3dcff7d0001c7ce99,0.899999976,165,6,6,6,6,6,6,6,6,6,6,1,6,3,6,5,4,6,6,5,5,5,5,6,6,5,4,6,6,6,6,4,4,6,3,4,2,4,6,4,2,2,4,5,6,5,6,41,Woman,NA,Yes,NA,NA,NA,NA,NA,White,NA,NA,NA,Master’s Degree,No
R_3h3VCgK2MeMmmIz,5eda9438ff2fef6c2b40d1b9,0.899999976,224,5,6,6,5,5,5,5,5,5,4,3,4,3,5,6,2,4,3,4,4,5,4,4,5,3,5,5,5,4,5,4,4,5,2,2,3,5,5,3,2,4,2,5,2,3,2,58,Woman,NA,Yes,NA,NA,NA,NA,NA,White,NA,NA,NA,Bachelor’s Degree,No
R_6VSay68UbIefuql,65247474387efa51ee6470c0,1,386,3,6,4,5,5,4,4,4,4,4,4,3,3,4,5,4,3,5,3,4,4,5,4,4,3,4,6,4,5,4,4,4,3,4,3,3,5,4,4,4,4,3,3,5,3,3,23,Man,NA,Yes,NA,NA,NA,NA,NA,White,NA,NA,NA,High School,No
R_3JsWYpCS5iaCKZo,63ae31ff5c725a41082afc56,0.899999976,743,5,5,2,1,2,6,2,4,4,1,5,2,3,1,4,4,4,4,4,NA,2,1,4,5,3,3,4,5,4,6,3,4,2,6,5,6,1,5,1,4,4,3,5,4,5,4,52,Woman,NA,Yes,NA,NA,NA,NA,NA,White,NA,NA,A white lady who is keeping her original sex as at her birth,Bachelor’s Degree,No
R_2af90DfukZKhB2c,5b4991de56e0140001acb76b,0.899999976,286,5,3,4,5,3,4,3,4,2,5,4,5,1,5,4,5,6,5,6,3,NA,5,5,4,NA,5,4,4,3,3,4,4,5,4,4,4,5,5,5,5,5,5,3,3,5,4,27,Man,NA,Yes,Asian or Asian American,NA,NA,NA,NA,NA,NA,NA,Asian,Bachelor’s Degree,No
R_3NP0wJNkUxvLiO8,6341b7b2e340e467cab1363b,1,363,6,6,5,6,6,5,5,5,5,5,6,4,3,5,5,5,5,5,5,6,5,6,5,4,2,2,5,5,4,5,5,4,6,4,1,1,5,4,3,4,5,2,4,6,4,5,53,Man,NA,Yes,NA,NA,NA,NA,NA,White,NA,NA,NA,Associate’s Degree,Yes
R_3O1zDGTwGZPLUa9,5cc7615f47a31a0001baec75,0.800000012,389,6,6,6,6,6,6,6,5,6,5,1,5,3,5,1,5,6,6,6,5,3,6,5,6,5,5,5,6,5,6,4,6,5,5,2,1,4,5,2,1,1,1,5,5,5,6,51,Man,NA,Yes,NA,NA,NA,NA,NA,White,NA,NA,White,Bachelor’s Degree,Yes
R_1pXN5Q6GeCFpSzQ,64010a38650fe3a1a2de05a9,0.400000006,519,5,5,4,2,5,6,5,3,5,4,5,2,3,3,1,3,1,4,4,2,5,4,3,1,1,1,5,4,6,5,1,1,5,1,4,1,1,3,1,5,5,4,6,6,1,2,35,Man,NA,Yes,NA,NA,NA,NA,NA,White,NA,NA,white,Less than High School,No
R_3haqutsiS9Ojeie,5e544727059e3744ccdd4c3b,1,324,4,6,5,4,5,4,4,4,5,5,4,5,3,5,5,4,5,4,4,5,5,5,5,5,5,3,4,5,4,5,3,3,4,3,3,2,4,4,3,3,3,2,4,6,4,5,33,Woman,NA,Yes,NA,NA,Black or African American,NA,NA,NA,NA,NA,NA,Bachelor’s Degree,No
R_3MoFjOciXowwjQn,632be0bcdec1f14421c64dc2,0.899999976,244,5,5,2,1,1,4,5,4,5,4,4,4,3,3,4,5,4,4,4,4,6,5,4,6,4,4,4,4,4,4,4,4,3,2,3,4,2,4,2,4,4,2,5,4,4,4,34,Man,NA,Yes,NA,NA,NA,NA,NA,White,NA,NA,white,Bachelor’s Degree,No
R_21p7swhRZHb7vS9,651db35fa24e2e0609d14a9f,0.899999976,267,5,5,4,4,5,5,4,4,4,4,4,5,3,4,5,4,4,4,4,4,5,5,5,5,4,3,5,5,4,5,4,4,4,5,4,3,4,5,4,4,4,3,3,5,4,4,28,Man,NA,Yes,NA,NA,NA,Latine or Hispanic,NA,White,NA,NA,"half white, half latino",Bachelor’s Degree,No
R_2pJjR0S9wGrXL0O,6123bbad652361792023f71a,0.899999976,320,6,6,6,6,6,6,6,6,6,6,2,5,3,5,6,6,6,5,5,5,5,6,6,5,5,5,4,6,5,6,5,6,6,4,2,1,5,6,5,2,3,1,3,6,4,6,25,Woman,NA,Yes,NA,NA,NA,NA,NA,White,NA,NA,White,Bachelor’s Degree,No
R_3HZY91cGGkybAb4,6168ace1ef0f716f56f08f5b,0.899999976,224,6,6,5,5,6,4,5,4,5,5,6,5,3,1,NA,1,4,3,2,5,6,1,1,5,4,3,1,5,5,6,4,4,6,6,5,6,1,5,1,1,1,3,6,6,6,5,35,Woman,NA,Yes,NA,NA,Black or African American,NA,NA,NA,NA,NA,black,Master’s Degree,No
R_UaKbwU5q4SO8FrP,5cadf2fa7e99a900171c4705,1,187,5,6,6,6,6,5,5,5,6,6,2,6,3,5,5,3,5,3,5,4,6,4,4,6,6,5,5,5,4,6,5,5,6,3,3,2,2,6,2,1,1,3,4,5,6,6,43,Woman,NA,Yes,NA,NA,NA,NA,NA,White,NA,NA,white,Bachelor’s Degree,No
R_D8N7w0rAoI1MCAx,5f4beb12d01b150d4fe1d9f3,1,276,2,4,5,5,6,4,3,2,5,5,2,6,3,1,4,2,4,2,1,1,6,2,4,5,3,3,2,3,6,4,4,4,6,2,1,5,2,5,1,4,4,5,6,5,4,6,32,Man,NA,Yes,NA,NA,NA,NA,NA,White,NA,NA,NA,Master’s Degree,No
R_2YQzfBUvBBxKtuX,5e8779c317cdf10a230b50a9,0.699999988,212,4,6,6,6,6,5,5,4,6,4,3,5,3,4,3,3,3,5,4,3,5,4,5,6,5,4,6,6,5,6,4,5,4,4,2,2,4,6,3,3,3,3,3,5,5,4,30,Man,NA,Yes,Asian or Asian American,NA,NA,NA,NA,NA,NA,NA,South Asian - Indian,Bachelor’s Degree,No
R_1FmJCwznguTww6I,616b17b1354b58fbf4908d4c,0.899999976,285,4,6,6,6,6,6,5,4,6,2,6,6,3,3,5,1,2,4,4,4,6,3,5,6,3,4,5,6,6,5,4,6,6,5,4,5,5,4,3,5,6,2,5,6,6,6,32,Woman,NA,Yes,NA,NA,NA,Latine or Hispanic,NA,White,NA,NA,NA,High School,No
R_1KmbQN1QOl87IuQ,607e0606cdc6ca6d24343932,0.899999976,328,2,6,5,6,6,6,2,1,5,6,5,4,3,2,3,3,1,2,4,1,6,2,3,6,4,5,6,3,6,6,4,4,6,1,4,5,4,4,2,6,6,5,5,6,5,4,20,Woman,NA,Yes,NA,NA,NA,NA,NA,White,NA,NA,"White, caucasian",High School,No
R_3DchVMroR7jLDHO,641772ff6ca990e4c241b1bd,0.899999976,366,4,6,4,4,5,6,2,2,6,4,2,5,3,5,6,3,2,4,3,2,4,4,5,5,1,1,6,6,6,5,4,6,6,4,4,3,4,5,4,6,5,3,4,6,4,4,27,Man,NA,Yes,NA,NA,NA,NA,NA,White,NA,NA,White,Bachelor’s Degree,No
R_1QEJzkYspMTPloB,54849ec4fdf99b0379939d1d,0.899999976,220,5,6,6,6,6,6,5,5,6,6,1,4,3,5,6,6,5,6,5,5,5,6,6,6,6,6,6,6,4,6,6,6,6,3,2,2,5,5,3,2,2,1,4,6,2,5,33,Woman,NA,Yes,NA,NA,NA,NA,NA,White,NA,NA,NA,Bachelor’s Degree,No
R_XLjkmiFuGV16vIt,62dbd5b3734a6a1375b46eea,1,480,3,6,6,6,6,5,1,2,4,5,6,2,3,5,3,4,5,5,4,1,6,5,5,6,3,3,1,5,6,4,5,5,4,1,3,6,1,4,1,2,4,5,6,5,4,5,36,Man,NA,Yes,NA,NA,NA,NA,NA,White,NA,NA,White,High School,No
R_1OHLcZPdUCIEB94,636148b49f7e6e857fde4001,0.899999976,304,4,4,4,4,4,4,4,4,4,4,6,1,3,6,6,3,6,6,3,4,6,4,4,5,3,2,6,4,6,4,4,4,6,4,1,1,4,4,3,2,1,2,3,6,4,3,43,Woman,NA,Yes,NA,NA,NA,NA,NA,White,NA,NA,Caucasian,High School,Yes
R_3dRNAopem68pqks,5581d02dfdf99b59ca8dfb3a,1,277,1,5,2,4,6,1,1,1,4,5,6,2,3,1,1,1,1,1,1,1,5,1,3,4,2,3,4,3,6,1,1,1,1,1,5,6,1,1,1,6,3,6,6,2,1,1,33,Man,NA,Yes,NA,NA,NA,NA,NA,NA,NA,Prefer not to say,NA,Bachelor’s Degree,Prefer not to say
R_2Sjju0kHIXu0qbB,5a0a03fa074b190001251b3c,0.899999976,233,5,4,4,3,5,5,5,4,4,3,3,4,4,4,5,4,4,5,5,4,4,5,5,4,5,3,4,3,4,NA,3,4,4,NA,4,NA,5,4,4,3,4,3,3,4,3,4,NA,Man,NA,Yes,NA,NA,NA,NA,NA,White,NA,NA,NA,High School,No
R_vSNtt0BX1hdndn3,5e0047b3a99550c62bda2dd6,0.899999976,188,6,6,6,6,6,6,6,6,6,6,4,5,3,5,6,5,6,6,6,6,6,6,6,6,6,6,6,6,6,6,6,6,5,4,1,1,4,6,5,1,1,1,4,6,4,4,37,Woman,NA,Yes,NA,NA,NA,NA,NA,White,NA,NA,NA,High School,No
R_2ALnFeEUQWWeAw8,62e1ac27961f3e729c0cf5fd,0.899999976,194,4,5,4,4,4,4,3,4,5,4,3,4,3,3,3,4,4,4,3,4,4,4,3,4,3,4,4,4,4,5,4,4,4,3,3,3,3,4,3,4,4,3,4,4,3,4,30,Man,NA,Yes,NA,NA,Black or African American,NA,NA,NA,NA,NA,Black,High School,Yes
R_3Pnl984XMc4d3VP,5c3fd0d4c2d0b700017d02cd,1,302,4,6,6,6,6,6,5,4,6,4,4,4,3,4,4,3,3,4,4,4,5,4,5,6,5,4,6,6,5,4,4,5,4,3,4,4,2,5,3,3,3,4,6,4,3,4,34,Man,NA,Yes,NA,NA,NA,NA,NA,White,NA,NA,NA,"Professional Degree (J.D., M.D., etc.)",No
R_3HgY5ABR1kItYZD,63d15d3dd6cacf7e94f8c0b1,0.899999976,238,6,6,6,6,6,6,6,6,6,6,1,6,3,6,6,6,6,6,6,6,4,6,6,6,6,6,6,4,6,6,6,6,6,4,1,1,6,6,4,1,1,1,1,6,6,6,41,Man,NA,Yes,NA,NA,NA,NA,NA,White,NA,NA,White,Master’s Degree,No
R_1l3OCPWvziDh7Xr,63d7e54a90879dee84dffb32,1,618,2,5,4,2,3,5,4,3,6,5,3,4,3,2,3,3,2,2,4,3,5,4,2,4,4,5,5,4,6,5,5,5,5,3,6,4,3,3,3,3,4,4,4,5,3,3,51,Woman,NA,Yes,NA,NA,NA,NA,NA,White,NA,NA,NA,Bachelor’s Degree,No
R_3Mb3WflTiuwqGF8,5e616b502e8a28067db138a0,0.899999976,186,5,6,6,6,6,6,5,5,5,6,2,4,3,3,4,5,4,3,6,3,5,5,5,5,5,5,6,5,6,5,5,6,5,3,3,4,4,5,3,6,5,2,5,3,3,6,24,Woman,NA,Yes,NA,NA,NA,NA,NA,White,NA,NA,white,Bachelor’s Degree,No
R_5zhJGPJyPlDSLIZ,6100cb1963ae19d250fe70bc,0.400000006,280,5,5,6,5,6,6,5,NA,5,3,3,4,3,3,4,4,3,3,4,4,6,5,5,5,4,4,4,4,5,5,5,5,6,3,3,4,3,5,3,3,2,3,5,5,3,5,22,Woman,NA,Yes,NA,NA,NA,NA,NA,White,NA,NA,white,High School,No
R_1r7JIiaoQS2vF2a,5fbad6d5bef273b67008d20c,0.899999976,232,4,6,4,3,4,6,6,4,6,4,3,5,3,4,6,3,4,6,4,4,6,5,5,4,4,4,5,5,4,4,5,6,4,4,2,2,4,4,4,3,3,2,3,5,4,4,50,Woman,NA,Yes,NA,NA,NA,NA,NA,White,NA,NA,Caucasian,Bachelor’s Degree,No
R_2dxSauWK4aClFFJ,62c61d523167ae5eafc98e6c,1,255,5,6,5,6,4,6,5,5,6,6,3,4,3,5,6,5,5,5,4,4,4,5,6,6,6,5,5,6,4,5,4,5,5,4,3,1,4,5,3,3,4,1,3,6,6,4,30,Man,NA,Yes,NA,NA,NA,NA,NA,White,NA,NA,White,Master’s Degree,No
R_2E3FCV0PiGsdQrV,6401dc189a0c39635de7ebab,1,249,4,6,6,5,5,4,5,4,6,5,3,5,3,3,4,3,4,4,2,4,5,4,5,6,6,5,5,6,5,6,3,5,5,4,3,4,4,5,4,2,4,3,4,5,5,4,21,Man,NA,Yes,NA,NA,NA,NA,NA,White,NA,NA,White,High School,No
R_2VpUnpMNWTljazw,56c1adc20aab29000c7d556a,1,214,5,6,5,5,5,4,4,5,6,4,3,5,3,4,4,3,4,4,5,5,6,5,5,6,4,3,5,5,6,5,5,5,5,2,3,4,3,5,2,3,3,3,5,4,3,5,38,Woman,NA,Yes,Asian or Asian American,NA,NA,NA,NA,NA,NA,NA,NA,Associate’s Degree,No
R_1LHEvp60LKy7SJu,5e62e02013d10e079abee365,0.899999976,408,4,5,5,5,5,5,5,4,5,5,3,5,3,5,5,4,4,5,5,4,4,4,5,4,5,5,6,5,5,5,5,4,5,4,4,2,4,NA,4,4,5,2,2,5,5,3,24,Man,NA,Yes,NA,NA,NA,NA,NA,White,NA,NA,White,High School,No
R_25LucxpU0DYea2a,60462db97d2336062f008d4a,0.899999976,298,5,6,6,6,6,6,NA,6,4,6,3,5,3,5,6,6,6,6,6,6,5,NA,6,6,5,5,NA,6,6,6,6,6,6,3,3,1,5,6,3,4,6,2,4,6,5,NA,26,Man,NA,Yes,Asian or Asian American,NA,NA,NA,NA,White,NA,NA,NA,Bachelor’s Degree,No
R_WksSF3856ZvdhGF,63e52076fc677ee3ccce9a4d,0.899999976,215,4,6,6,6,6,6,5,4,5,5,2,2,3,1,1,1,5,5,4,2,6,4,4,6,1,1,6,4,6,5,1,1,5,2,4,2,2,5,1,4,2,1,6,6,4,2,30,Woman,NA,Yes,NA,NA,NA,NA,NA,White,NA,NA,NA,High School,No
R_4GSJMrQLJ96o0tX,62bdcbe0bf0f03430820ad59,0.899999976,196,5,6,6,6,6,6,5,5,6,5,2,5,3,4,5,6,6,6,5,5,6,6,4,6,3,3,6,6,5,6,5,5,6,2,2,1,5,5,4,4,5,1,3,6,6,5,48,Woman,NA,Yes,NA,NA,NA,NA,NA,White,NA,NA,white,High School,No
R_2wuTPRAhkfCTXBd,5b6641d6bd3c8a0001d487d5,1,243,4,5,4,4,5,3,4,3,5,3,5,4,3,2,2,2,2,4,2,2,5,3,2,5,2,2,4,3,5,4,3,4,3,2,4,5,2,4,1,4,3,4,5,5,2,4,36,Woman,NA,Yes,NA,NA,NA,NA,NA,White,NA,NA,NA,High School,No
R_1FrzJ2fYSxbEpjL,5f98c3f8f2d9be1e75e21709,0.899999976,190,6,6,5,6,5,5,6,5,5,6,4,4,3,5,6,2,4,5,3,6,6,5,4,6,2,2,4,5,3,5,5,6,5,3,3,3,3,6,3,4,3,4,4,6,4,5,48,Man,NA,Yes,NA,NA,NA,NA,NA,White,NA,NA,White,Bachelor’s Degree,No
R_2CrGk5SIGgNHulL,57fbd14e279ffd000124cc36,0.899999976,288,2,5,4,5,5,4,1,1,6,5,4,5,3,4,5,2,3,1,1,1,6,4,3,5,4,3,6,4,6,4,2,1,4,1,3,3,4,4,1,4,4,5,4,4,4,5,30,Man,NA,Yes,NA,NA,NA,NA,NA,White,NA,NA,NA,Bachelor’s Degree,No
R_2tnfOAKXFZZJMqn,62c328e2eb292869213bdacf,0.899999976,421,6,6,6,6,6,6,6,5,6,6,3,5,3,5,6,2,6,5,5,3,6,5,5,6,2,4,6,6,6,6,6,6,5,5,1,1,4,6,2,2,2,2,3,6,6,6,46,Man,NA,Yes,NA,NA,NA,NA,NA,White,NA,NA,american,High School,No
R_p4PDRo26JIRkXWp,55eb4774748092000baa97ee,0.899999976,276,3,6,4,4,4,3,2,2,5,4,6,4,3,3,3,1,1,3,2,3,5,3,3,5,2,2,5,4,4,3,4,4,4,2,5,4,2,5,1,6,4,5,6,4,3,5,34,Woman,NA,Yes,NA,NA,NA,NA,NA,White,NA,NA,NA,Bachelor’s Degree,No
R_1mVlIzMEw8Loo5L,650317ac7af0d931dee736ef,NA,264,6,6,6,6,6,6,6,6,6,6,3,6,3,3,6,3,4,6,6,3,6,4,6,6,6,6,6,6,6,6,6,6,6,4,3,4,3,6,6,3,3,4,4,4,6,6,25,Woman,NA,Yes,NA,NA,NA,NA,NA,White,NA,NA,White,Bachelor’s Degree,No
R_7TWZZons2QuFrLr,5de00e31429725088d44f38d,1,173,4,4,3,3,4,5,4,4,5,5,4,4,3,3,3,4,2,2,4,3,5,4,4,4,4,4,5,4,5,4,4,3,4,3,4,4,4,4,3,4,4,4,5,4,3,4,24,Man,NA,Yes,NA,NA,NA,NA,NA,White,NA,NA,white male,High School,No
R_w6LCoYVondJFZol,599c56736b939900012da52c,0.899999976,479,4,5,5,5,6,5,3,4,5,5,5,5,3,4,5,4,5,5,3,4,5,5,5,4,4,4,6,5,5,6,5,5,5,4,2,3,4,5,4,4,4,2,3,5,1,4,31,Man,NA,Yes,Asian or Asian American,NA,NA,NA,NA,White,NA,NA,NA,High School,No
R_24oqOraAWZpT2AX,62869a1b7fff9c9a48fe6087,0.899999976,274,5,5,6,6,6,5,5,5,5,5,2,5,3,5,5,4,3,2,5,5,4,5,5,4,5,5,4,5,5,4,5,5,5,3,4,2,2,5,2,3,2,2,5,5,4,5,58,Woman,NA,Yes,NA,NA,NA,NA,NA,White,NA,NA,American,Associate’s Degree,No
R_3qR1Afi2WTuw7nP,6295446d54e178eeb22d82bb,0.899999976,185,6,6,6,6,6,6,6,6,5,6,1,5,3,6,6,6,6,6,6,6,5,6,6,6,6,5,6,6,6,6,6,6,6,6,1,1,5,5,6,4,3,1,2,5,5,6,29,Woman,NA,No,NA,NA,NA,NA,NA,White,NA,NA,NA,Bachelor’s Degree,No
R_3m2cQZux0matijE,63d6c86752a95585befe850a,1,190,6,6,6,3,6,6,6,6,6,6,1,5,3,6,6,5,6,6,6,6,6,6,5,6,6,6,6,6,6,6,6,6,6,6,1,1,5,6,5,1,5,1,3,6,5,6,21,Man,NA,Yes,NA,NA,NA,NA,NA,White,NA,NA,NA,Bachelor’s Degree,No
R_5pfm1w6UrMrpTZT,5cae90b5f84a7c00158d2c1e,0.899999976,539,4,6,4,4,6,5,4,4,4,4,1,3,3,5,6,4,6,4,4,4,5,4,4,5,4,5,6,4,6,5,4,4,4,5,4,3,4,4,4,4,4,2,4,5,3,4,30,Man,NA,Yes,NA,NA,Black or African American,NA,NA,White,NA,NA,Mixed race,High School,No
R_2Cv3Z3XS0EeLrLH,6503bb3ed64260113de8dc02,1,399,4,5,4,3,4,5,4,4,5,4,3,3,3,3,4,3,2,2,4,4,4,4,5,5,5,3,4,5,5,4,4,4,4,3,3,3,3,4,3,3,4,3,4,3,4,3,27,Woman,NA,Yes,Asian or Asian American,NA,NA,NA,NA,NA,NA,NA,NA,Master’s Degree,No
R_302feLWrXkk34h0,6167abbd7db521535e811eb0,0.899999976,314,4,5,3,3,3,4,5,4,6,6,5,3,3,3,4,5,2,1,5,5,5,1,6,5,5,3,4,5,4,5,4,4,6,4,2,2,2,4,2,4,4,2,5,5,5,4,22,Woman,NA,Yes,NA,NA,Black or African American,NA,NA,NA,NA,NA,African American,Bachelor’s Degree,No
R_sEXVVbIb8xtJEl3,609471590c51b81087087049,NA,357,4,6,3,3,5,4,4,4,6,5,4,4,3,2,4,4,4,4,3,3,5,4,4,5,2,2,5,4,5,4,2,5,4,3,3,5,4,3,4,4,3,2,6,6,5,3,30,Man,NA,Yes,NA,NA,NA,NA,NA,White,NA,NA,white,Associate’s Degree,No
R_2YRG1KVW49JTUVK,5c22ec01da51990001e1f5d6,1,475,5,6,5,5,6,4,4,4,6,5,3,4,3,4,5,5,5,5,4,5,6,6,4,5,5,5,4,5,5,6,4,5,6,4,2,1,4,2,3,2,2,1,2,6,6,4,49,Woman,NA,Yes,NA,NA,NA,NA,NA,White,NA,NA,NA,Bachelor’s Degree,Prefer not to say
R_1f6METH4EU0wupk,63fc608db691cbfaeab36b66,1,236,4,6,6,6,6,5,3,5,5,5,5,5,3,4,6,5,4,3,3,3,6,4,5,5,3,3,6,5,6,6,2,4,5,4,4,3,4,5,4,4,4,3,5,6,4,4,24,Man,NA,Yes,NA,NA,Black or African American,NA,NA,NA,NA,NA,Black,High School,No
R_1CJRRIOsQv2zB33,5a044fbc074b190001251565,0.899999976,303,6,6,6,5,5,6,6,6,6,6,1,6,3,5,6,6,5,5,6,6,6,6,6,6,5,5,6,6,4,6,6,6,6,5,2,1,4,5,5,1,1,4,3,6,6,5,46,Woman,NA,Yes,NA,NA,NA,NA,NA,White,Prefer to self-describe,NA,A white lady who is neither Karen or a savior. Just an ally.,High School,No
R_3NBXDRF1Y1UlbIr,6403215431ee4147f808f08c,0.899999976,842,4,5,4,4,5,5,4,4,5,5,5,2,3,3,5,2,3,3,4,3,5,4,5,5,3,4,4,5,4,5,4,4,4,4,3,4,3,5,3,5,4,3,5,5,4,2,35,Woman,NA,Yes,NA,NA,NA,NA,NA,White,NA,NA,Caucasian,Bachelor’s Degree,No
R_12LkoYnwB6d5JvA,5e17a2083be5870a54856ac8,1,197,5,6,6,6,6,5,5,4,4,4,2,5,3,5,5,3,3,6,5,6,5,5,6,6,6,4,6,6,NA,6,2,5,6,3,1,1,5,6,4,2,3,1,4,5,5,5,27,Woman,NA,Yes,NA,NA,NA,NA,NA,White,NA,NA,European,Bachelor’s Degree,Yes
R_2zTn2qP0QDcNMCt,5fee0c90eb52700cd9752702,0.899999976,414,5,6,4,4,4,5,5,5,6,5,6,5,3,5,6,3,6,6,6,6,4,6,5,5,4,4,5,5,6,5,5,5,4,6,2,2,5,5,4,1,1,1,3,5,3,6,50,Woman,NA,Yes,NA,NA,NA,NA,NA,White,NA,NA,white,High School,Prefer not to say
R_ux230o5KuQZiDDP,60fd89617258b322c92fdd03,1,387,6,6,6,6,5,6,5,5,5,5,2,5,3,4,6,5,5,5,5,5,5,5,6,5,5,5,6,6,4,5,6,6,5,5,2,2,4,3,4,3,3,3,3,4,6,5,23,Woman,NA,Yes,NA,NA,NA,NA,NA,White,NA,NA,NA,Bachelor’s Degree,No
R_SI5DO5wd38pz2QF,63d822d16297a8ce8e016e82,1,243,5,6,6,6,6,4,4,2,6,1,6,4,3,2,4,3,2,6,1,4,6,1,5,5,4,5,4,3,5,5,4,5,5,1,4,5,1,4,3,2,1,2,6,5,5,5,39,Man,NA,Yes,NA,NA,NA,NA,NA,White,NA,NA,Caucasion,High School,No
R_w1VI3UT4hC71di9,5df285ee82052619cd5ae770,1,301,3,6,4,2,4,5,5,4,5,4,3,4,3,2,5,3,1,5,3,3,5,5,3,6,4,4,5,4,5,4,5,5,4,4,3,3,4,5,3,3,3,4,4,5,3,3,28,Man,NA,Yes,NA,NA,Black or African American,NA,NA,NA,NA,NA,Black,Bachelor’s Degree,No
R_12gradjBy1wzMK7,60ee4bb7de4352af0286e091,0.899999976,570,5,5,5,5,5,5,5,5,5,4,4,4,3,4,4,4,3,5,4,4,4,5,5,5,4,4,4,4,5,5,5,5,5,3,3,4,4,5,4,3,3,3,4,3,5,5,27,Woman,NA,Yes,NA,NA,NA,NA,NA,White,NA,NA,White,Bachelor’s Degree,No
R_2tssb6Yoaipg5Zu,5e48122927eb23000af799c7,0.899999976,198,6,6,5,5,6,5,5,4,5,5,2,5,3,4,5,4,2,4,4,5,5,4,5,6,5,5,5,5,4,6,4,5,6,3,2,3,3,5,2,1,2,2,4,5,4,5,46,Woman,NA,Yes,NA,NA,NA,NA,NA,White,NA,NA,Caucasian,Bachelor’s Degree,No
R_11i3FDzBxxAcf4N,5f221ff61723a94977c920eb,0.899999976,321,1,NA,2,1,1,1,4,5,6,6,6,5,3,1,2,1,4,2,2,1,5,5,1,6,4,6,6,1,5,6,5,5,3,1,5,6,4,5,1,6,2,6,6,5,1,2,28,Woman,NA,Yes,Asian or Asian American,NA,NA,NA,NA,NA,NA,NA,NA,Master’s Degree,No
R_3xV0wp79pcStVkd,5c5c5931568e0d000117c1dc,1,246,4,6,6,4,6,5,2,1,6,6,3,4,3,1,5,1,2,5,4,4,6,2,6,6,6,6,5,5,6,6,6,6,6,2,3,5,4,4,2,5,4,5,4,5,5,3,26,Man,NA,Yes,NA,NA,NA,Latine or Hispanic,NA,NA,NA,NA,Mexican,Bachelor’s Degree,No
R_3J9FJSS0am6eLBw,6522ee565f79028d52ce509e,0.800000012,165,5,6,3,4,6,5,4,4,4,4,4,3,3,3,5,3,1,4,4,5,5,4,4,6,4,4,6,4,6,6,4,6,5,2,5,4,4,5,2,1,2,2,4,5,6,3,23,Woman,NA,Yes,Asian or Asian American,NA,NA,NA,NA,NA,NA,NA,NA,Bachelor’s Degree,No
R_TblA46tutoM5bWN,5f910e8e53814b228b0dad03,0.899999976,343,5,6,1,1,6,6,6,6,6,6,3,4,3,1,1,4,1,4,1,6,6,3,4,6,3,6,6,5,6,6,6,6,6,1,2,3,1,6,3,6,6,3,6,6,1,6,35,Man,NA,Yes,NA,NA,NA,Latine or Hispanic,NA,NA,NA,NA,Hispanic,High School,No
R_1gCpanzOyicELPn,62cccdcadf4fdbc4424844d5,0.800000012,318,5,6,4,4,5,6,4,4,5,4,3,4,3,5,5,5,4,5,3,5,4,5,4,4,4,3,6,5,5,5,4,4,4,4,2,2,4,5,4,1,3,2,3,5,4,3,44,Man,NA,Yes,NA,NA,NA,NA,NA,White,NA,NA,NA,Bachelor’s Degree,No
R_3NyA0GVVY2j4Ufz,651ec2aa595edca002b3f6d8,0.899999976,384,4,5,5,5,6,3,4,4,5,5,5,5,3,5,5,4,3,4,4,2,6,4,4,5,4,3,5,5,5,6,3,4,5,2,2,2,2,4,2,2,3,3,5,5,5,3,52,Woman,NA,Yes,NA,NA,NA,NA,NA,White,NA,NA,NA,Bachelor’s Degree,No
R_1i211HpXw5MZm0p,5ef035131f1b2a546b44c391,1,380,1,1,1,3,5,1,1,1,5,6,6,1,3,1,4,1,1,1,1,1,2,1,4,6,1,1,1,3,1,2,2,2,1,1,5,6,1,3,1,2,2,3,6,6,1,2,72,Man,NA,Yes,Asian or Asian American,NA,NA,NA,NA,NA,NA,NA,Asian American,Master’s Degree,No
R_1nPGc0iUfLFim08,60c25e69b849843a5448c352,1,219,4,6,6,6,6,6,5,5,5,4,3,5,3,4,6,3,3,4,4,4,5,5,5,6,5,6,6,5,5,5,4,5,6,3,3,3,3,5,3,3,3,3,3,6,5,4,24,Man,NA,Yes,NA,NA,Black or African American,NA,NA,White,NA,NA,Mixed Race,Bachelor’s Degree,No
R_1eY6AdPcxNx5qi8,650fab251b0fd30bfabbedb3,0.899999976,319,4,6,5,4,4,5,3,2,5,5,2,4,3,4,5,2,2,5,3,4,5,5,5,5,5,5,5,5,5,5,5,5,4,5,3,1,5,4,4,3,3,1,2,5,4,4,39,Woman,NA,Yes,NA,NA,Black or African American,NA,NA,NA,NA,NA,NA,Bachelor’s Degree,No
R_12K2yynrsoJ41eI,5c6f1611922d7a00017cb800,0.899999976,518,5,6,6,6,6,5,4,4,6,1,5,6,3,2,6,1,2,1,5,4,6,5,6,6,5,5,6,5,6,5,3,6,6,2,1,5,5,6,1,5,4,4,5,6,5,6,NA,Woman,NA,Yes,NA,NA,NA,NA,NA,White,NA,NA,White,High School,Yes
R_8ifeE4mipOjG825,610042bd58bb4f6845302491,1,306,4,4,4,5,5,5,4,3,4,4,4,5,3,3,3,4,2,3,3,2,5,3,4,5,5,5,3,4,5,4,3,4,3,4,4,3,4,4,3,4,5,2,4,2,2,4,22,Woman,NA,Yes,Asian or Asian American,NA,NA,NA,NA,NA,NA,NA,NA,Bachelor’s Degree,No
R_b0YePZ4U9eYiz9n,5eddc8a72514f6af43655a8a,1,132,5,6,5,5,6,5,4,5,6,4,5,4,3,6,6,3,4,6,3,5,6,6,4,4,4,4,6,4,5,5,3,5,5,4,3,2,5,5,3,2,4,2,3,6,4,6,25,Man,NA,Yes,Asian or Asian American,NA,NA,NA,NA,NA,NA,NA,Korean,Bachelor’s Degree,No
R_3hluqV0QOUgWdLi,641b1fcd7275677c08982bae,1,291,4,6,4,3,3,4,4,3,4,5,3,5,3,5,4,2,6,6,3,5,6,3,4,3,2,3,5,5,5,5,4,4,4,3,2,2,3,5,3,4,4,4,3,6,4,4,24,Man,NA,Yes,NA,NA,NA,NA,NA,White,NA,NA,NA,Bachelor’s Degree,No
R_5w0o5X2mFtSlV9n,59a3af455fd74b0001abf9bf,0.899999976,235,4,4,5,5,5,5,4,4,5,5,2,6,3,4,3,3,3,5,4,4,5,4,5,5,4,4,5,5,5,5,2,2,5,4,3,2,5,6,4,3,5,2,2,6,4,4,33,Man,NA,Yes,NA,NA,NA,Latine or Hispanic,NA,White,NA,NA,NA,Associate’s Degree,No
R_a03Mg9XpTDwfPUZ,5f490d10022f3f2e8f33cc9a,0.899999976,392,1,6,3,1,3,6,1,1,6,6,5,5,3,1,2,1,1,1,1,1,4,1,1,6,5,4,1,5,4,5,1,1,5,1,6,6,1,4,1,5,4,5,6,5,5,5,44,Man,NA,Yes,Asian or Asian American,NA,NA,NA,NA,NA,NA,NA,Asian-Indian,Master’s Degree,No
R_2OPUl4Kd1lZ9gkR,604a7e9f84bf0e7937200df5,1,240,5,5,5,5,5,5,5,5,5,5,2,4,3,5,5,5,5,5,5,5,6,5,5,5,2,2,5,5,6,5,4,5,5,3,2,1,4,5,3,4,4,3,4,5,6,5,29,Man,NA,Yes,NA,NA,NA,Latine or Hispanic,NA,White,NA,NA,bro what,High School,I don’t know
R_2du6ffgkSe30h9n,63cff34d33a9948e3b0b28d6,0.899999976,158,6,6,6,5,6,5,6,5,6,6,3,6,3,6,6,6,5,6,5,6,6,5,5,5,3,3,6,5,6,6,5,5,6,5,3,4,4,5,4,3,3,2,5,6,6,6,30,Man,NA,Yes,NA,NA,NA,NA,NA,White,NA,NA,White,High School,Yes
R_2aeorB0qjMp2vzy,5a08ddd0df3fa800015c36ac,0.400000006,204,5,6,5,5,6,5,5,4,6,5,2,6,3,5,5,3,4,4,3,4,5,4,4,5,4,4,6,5,4,6,5,5,5,3,1,3,4,4,2,2,3,2,5,5,1,5,26,Man,NA,Yes,NA,NA,NA,NA,NA,NA,NA,Prefer not to say,NA,Bachelor’s Degree,No
R_30d77mzYjVW0Ftb,5dd55652f30aa650f027e1c2,0.899999976,338,6,6,6,6,6,6,6,6,6,6,4,6,3,6,6,2,5,5,6,6,6,6,6,6,6,4,6,6,6,6,6,6,6,2,1,1,2,4,1,2,2,1,4,4,4,6,30,Man,NA,Yes,NA,NA,Black or African American,NA,NA,NA,NA,NA,Black,Bachelor’s Degree,No
R_3kc4PVtgfFsL2zM,6107f349217073b43a3684af,1,257,3,6,5,5,5,5,5,5,5,5,2,4,3,5,5,6,3,4,2,3,5,4,5,6,4,4,5,5,5,5,3,5,3,4,2,2,2,4,3,5,5,3,4,5,4,5,26,Man,NA,Yes,Asian or Asian American,NA,NA,NA,NA,White,NA,NA,NA,Bachelor’s Degree,No
R_3KINuZkQGTsbnGa,6109dbf2714f8d7abc2fec1d,1,359,3,5,4,3,5,5,3,4,5,4,6,4,3,3,4,3,3,4,4,4,6,3,4,4,3,4,6,4,4,5,3,3,5,4,4,4,5,4,3,4,5,3,4,5,5,3,46,Woman,NA,Yes,NA,NA,NA,NA,NA,White,NA,NA,Caucasian,Bachelor’s Degree,No
R_1QF3LkeOXS1K4m2,63d6d9dec9ddc5dd52a289d2,0.899999976,208,6,6,6,6,6,6,6,6,6,6,1,5,3,6,6,5,5,4,6,6,5,6,6,5,5,5,5,6,6,6,6,6,5,4,2,2,4,6,6,3,2,2,4,6,6,6,37,Non-binary,NA,No,NA,NA,NA,NA,NA,White,NA,NA,European american,High School,No
R_ugAMYt9qMf53ig1,6499c875b2681ef163fa3af1,1,345,3,6,6,6,6,3,3,4,6,5,4,5,3,4,5,3,3,4,3,3,6,4,4,5,4,4,4,5,5,5,6,5,6,2,3,4,4,4,2,4,4,3,5,5,4,5,42,Woman,NA,Yes,NA,NA,NA,NA,NA,White,NA,NA,NA,Bachelor’s Degree,No
R_2yjyygwL0NzZAZV,60906c79f8cfd718d6dcb3df,0.899999976,261,2,6,4,1,6,6,1,1,6,1,6,5,3,1,4,1,2,6,1,2,4,4,6,6,6,6,1,5,5,6,6,6,5,1,2,3,1,4,1,1,3,3,6,5,4,1,35,Man,NA,Yes,NA,NA,Black or African American,NA,NA,NA,NA,NA,NA,Associate’s Degree,No
R_OwFpbsxOd1q7smR,5e0a2f6377f8652c6fc3f887,0.400000006,441,5,6,6,6,6,6,5,4,6,4,6,6,3,3,4,2,6,5,4,4,6,5,5,NA,3,3,4,6,6,1,1,6,1,3,1,1,1,4,1,2,3,1,3,6,5,4,31,Woman,NA,Yes,NA,NA,NA,NA,NA,White,NA,NA,NA,High School,Yes
R_10VR3vqkLd1ICt3,58a1fe40ea3d11000170d9b9,0.899999976,540,1,1,3,3,2,1,1,1,6,4,4,4,3,1,2,1,1,1,1,1,6,1,3,6,5,3,4,3,4,5,2,2,3,1,6,5,1,4,1,6,4,4,6,4,1,2,31,Woman,NA,Yes,NA,NA,NA,NA,NA,White,NA,NA,NA,Associate’s Degree,No
R_2VD4RzB9pJRVL5G,5dc8465ad362415b3383405f,0.899999976,274,5,5,6,6,4,5,6,4,5,5,1,6,3,4,3,3,5,5,5,5,6,5,2,6,5,2,6,NA,5,6,3,3,5,3,1,4,4,5,3,4,4,3,4,6,4,6,32,Man,NA,Yes,Asian or Asian American,NA,NA,NA,NA,NA,NA,NA,Asian,Bachelor’s Degree,Yes
R_OAUxLyHlSh3seWd,63d0293ea72094f49357ebe6,0.800000012,251,6,6,6,6,6,6,6,6,6,6,2,4,3,6,6,4,6,6,6,6,6,6,6,5,5,5,6,6,4,5,6,6,5,5,1,1,6,5,5,1,1,1,1,6,5,6,40,Man,NA,Yes,NA,NA,NA,NA,NA,White,NA,NA,NA,High School,Yes
R_1Q6C9XigwyV3Dbk,55895b93fdf99b6bd06017c4,0.899999976,833,3,4,4,5,5,5,4,3,5,4,6,5,3,4,5,1,4,4,4,3,6,4,5,1,1,1,4,5,6,6,6,6,4,2,3,4,4,4,2,6,4,4,5,5,3,4,56,Man,NA,Yes,NA,NA,Black or African American,NA,NA,NA,NA,NA,Black American,Bachelor’s Degree,No
R_Q61rHGQwYCEU8i5,59a88f5b321f870001d16d68,1,632,5,6,6,6,6,6,6,6,6,4,4,4,3,4,5,4,5,5,4,6,5,5,5,5,3,4,4,5,6,5,4,4,4,4,3,2,4,4,3,4,4,2,5,6,1,4,59,Man,NA,Yes,NA,NA,NA,NA,NA,White,NA,NA,NA,High School,No
R_WwBarw8G29xd0yZ,60c7cd1d9d09040a99f60032,0.400000006,255,5,6,5,6,6,5,5,5,6,6,6,6,3,5,5,6,2,6,5,6,6,6,6,6,6,5,5,5,5,6,6,5,6,3,2,1,6,5,4,5,5,1,4,6,6,5,51,Man,NA,Yes,NA,NA,NA,NA,NA,White,NA,NA,Caucasian,High School,No
R_308k7NcIqNBsEQv,60038fcb3919e748155efc28,1,433,3,4,3,3,3,3,3,3,5,4,4,3,3,3,4,3,3,3,3,3,5,3,4,4,3,3,3,4,4,4,4,4,3,3,4,4,2,4,3,4,3,3,4,4,3,4,48,Woman,NA,Yes,Asian or Asian American,NA,NA,NA,NA,NA,NA,NA,Asian American,Bachelor’s Degree,No
R_2OP7Alc7PoxCbCX,5eb1d2449a1e7912cdb016e2,0.899999976,335,5,5,3,4,5,5,4,5,5,4,5,3,3,2,2,3,4,5,4,4,5,5,3,5,2,4,5,5,4,3,5,5,2,5,5,5,2,4,2,5,5,5,5,5,2,5,34,Man,NA,Yes,NA,NA,NA,Latine or Hispanic,NA,NA,NA,NA,Hispanic,High School,No
R_25vJPVW8T2Ze589,60da55124ca8924a40a8d91c,1,170,6,6,6,6,4,6,6,6,6,6,4,6,3,4,6,4,6,6,6,6,5,6,6,6,5,5,4,6,6,6,6,6,4,3,2,1,4,6,4,1,1,1,4,3,6,6,21,Woman,NA,Yes,NA,NA,NA,NA,NA,White,NA,NA,white,High School,Yes
R_1Q00rP8E5K0iwAE,5c646fd5a6d35c00015e8f3b,0.899999976,467,3,4,3,3,4,2,2,2,4,4,4,4,3,2,3,4,3,2,2,2,4,3,4,4,4,3,4,4,5,5,4,4,5,3,3,4,2,4,3,5,5,4,5,5,5,4,68,Man,NA,Yes,NA,NA,NA,NA,NA,White,NA,NA,White American,High School,No
R_1q1IrhNPna1Mww4,5aef9ea244c9bc0001f4cf78,1,224,5,6,5,5,5,5,5,5,5,5,1,5,3,5,5,5,5,4,5,3,4,5,5,5,4,5,4,5,5,5,4,4,6,3,3,1,3,6,4,2,2,2,3,5,4,4,44,Man,NA,Yes,Asian or Asian American,NA,NA,NA,NA,NA,NA,NA,NA,Associate’s Degree,Yes
R_3qqJ3AnMNHACjlU,62e0c93d54972f434349eda3,0.800000012,397,6,6,6,6,6,6,6,6,6,6,4,5,3,6,6,6,6,3,6,6,6,5,5,6,6,5,6,4,5,5,5,6,4,3,2,6,1,6,3,3,5,2,4,2,6,6,29,Woman,NA,Yes,NA,NA,NA,NA,NA,White,NA,NA,NA,Bachelor’s Degree,No
R_3rSaM2WVJCEh3JI,63ea4efe841a7907a4130176,0.899999976,262,4,6,6,6,6,3,4,3,5,6,1,5,3,2,3,3,1,1,4,3,4,3,4,6,5,4,4,3,5,5,6,5,5,1,2,4,1,5,1,4,4,4,6,4,3,5,31,Man,NA,Yes,Asian or Asian American,NA,NA,NA,NA,NA,NA,NA,Filipino,Prefer not to say,No
R_22rFdgIOV0IVHEv,5dc7870428e0d566b626bcb9,0.899999976,623,5,5,5,5,5,5,5,5,5,3,2,4,5,2,4,2,5,4,2,4,6,5,5,5,5,4,5,5,6,6,5,5,5,2,4,2,2,4,1,5,2,4,6,4,4,5,41,Woman,NA,Yes,NA,NA,NA,NA,NA,White,NA,NA,NA,Associate’s Degree,No
R_Y5iXjYSP2vDSXE5,636182d3f52ff78fc3f7de50,1,448,4,6,4,3,5,5,3,4,6,4,3,5,3,3,4,5,4,5,3,3,5,3,5,5,6,5,4,5,5,4,5,5,4,4,4,3,4,4,4,5,4,4,3,4,5,5,28,Man,NA,Yes,NA,NA,Black or African American,NA,NA,NA,NA,NA,NA,High School,No
R_3oRYnps0ISjilJd,62ac7d0d794fad54e6cf7d84,1,388,5,5,4,4,4,5,5,4,5,5,3,4,3,4,6,3,5,2,5,4,6,5,5,5,5,3,4,4,5,5,3,3,4,3,4,4,3,4,3,4,4,3,5,1,5,4,32,Man,NA,Yes,NA,NA,NA,NA,NA,White,NA,NA,NA,Associate’s Degree,No
R_RK3Rm2rKldqUjYJ,5941a894d304710001c3766b,0.800000012,232,4,6,5,5,5,5,3,4,5,5,4,5,3,4,4,3,2,5,4,5,5,4,3,4,1,3,6,5,5,4,4,4,5,5,3,2,4,4,3,5,5,1,4,3,4,4,27,Man,NA,Yes,NA,NA,NA,NA,NA,White,NA,NA,American,Bachelor’s Degree,No
R_1oqcEndrGBZ57M0,585716b522a6220001da6cb4,1,224,5,6,6,6,6,6,5,5,5,5,2,6,3,5,6,6,6,5,5,5,6,6,6,3,4,5,6,6,5,6,5,5,6,4,1,1,6,6,5,1,2,1,2,6,3,5,45,Man,NA,Yes,NA,NA,NA,NA,NA,White,NA,NA,white / Caucasian,Bachelor’s Degree,Yes
R_117ooM2IWP1wGGH,5dd6d2d11228d9667276c3b7,0.899999976,412,4,5,2,2,2,5,4,4,5,5,5,4,3,4,4,3,4,3,4,2,5,5,4,5,4,4,5,4,5,5,4,4,4,2,3,5,2,4,2,4,4,3,5,2,2,2,33,Prefer not to say,NA,Prefer not to say,NA,NA,NA,NA,NA,NA,NA,Prefer not to say,mixed,Bachelor’s Degree,Prefer not to say
R_AcFC0SQSHfgH6Zr,5589a2ddfdf99b7ae47f60ed,0.899999976,208,5,6,6,6,6,6,3,2,6,6,4,6,3,3,6,2,4,5,5,6,6,6,3,6,5,4,6,6,6,6,2,4,6,4,4,3,1,6,1,3,6,2,6,6,2,6,37,Man,NA,Yes,NA,NA,NA,NA,NA,White,NA,NA,caucasian,Associate’s Degree,No
R_89euhYjgf9l1zgJ,5eac2cc56665cc23af76e945,0.899999976,173,6,6,6,6,6,6,6,6,6,6,6,6,3,6,6,4,4,4,6,6,6,6,6,6,5,6,6,6,6,6,6,6,6,1,5,4,1,6,1,4,6,2,5,6,5,6,26,Woman,NA,Yes,NA,NA,NA,NA,NA,White,NA,NA,NA,Bachelor’s Degree,No
R_tPvYLTbHEuA5W7f,5edc3f9696a72790ae256a27,1,449,2,5,6,5,6,5,3,3,6,4,4,4,3,1,1,3,1,2,2,1,5,3,4,5,5,2,4,3,5,6,5,5,2,2,5,4,2,5,1,4,4,5,6,5,5,3,62,Woman,NA,Yes,NA,NA,NA,NA,NA,White,NA,NA,NA,Bachelor’s Degree,No
R_1gSZBUE8qoOBZkk,5bf1f1cd7c3874000169ea98,0.899999976,357,6,6,6,6,6,6,6,5,6,6,1,6,3,6,6,6,6,5,6,6,5,5,6,6,6,5,6,6,6,6,6,6,6,3,1,1,5,6,3,1,1,2,4,6,6,6,60,Woman,NA,Yes,NA,NA,NA,NA,NA,White,NA,NA,NA,Bachelor’s Degree,No
R_1pzCAygS72AHA5i,5ee64e85c682de3a880579c6,0.899999976,476,4,6,5,4,4,4,4,4,4,5,4,5,3,4,5,4,3,3,3,3,4,4,5,6,5,3,4,4,3,4,4,3,4,2,3,3,3,4,1,3,2,2,6,4,3,6,74,Man,NA,Yes,NA,NA,NA,NA,NA,White,NA,NA,white,Bachelor’s Degree,No
R_12gU3v8WY2ufsQV,5e04e8254cac68f49aaaa972,1,217,5,6,5,5,6,5,4,3,6,4,3,5,3,3,5,3,2,4,4,3,5,4,5,5,5,5,6,6,4,5,5,5,5,3,4,2,4,5,4,2,4,2,4,5,5,5,27,Woman,NA,Yes,NA,NA,NA,NA,NA,White,NA,NA,Caucasian,Bachelor’s Degree,No
R_27VDuGR0fiiU4iS,60c739d1b402ae0d42b37c66,0.899999976,479,6,6,6,6,6,6,6,6,6,6,3,5,3,6,5,6,5,5,6,6,5,5,6,6,6,6,6,6,5,6,6,6,4,3,3,1,3,6,5,1,1,1,2,2,6,5,31,Non-binary,NA,No,NA,NA,NA,NA,NA,NA,Prefer to self-describe,NA,Multiracial,Associate’s Degree,No
R_3p4iGithG7oHecG,612323ddbebadb638a141ce3,0.899999976,452,5,5,4,5,5,4,4,4,5,5,5,5,3,4,4,3,3,5,3,4,5,5,4,5,5,3,5,5,5,3,3,4,4,5,3,5,5,4,4,2,2,2,2,6,3,3,36,Man,NA,Yes,NA,NA,Black or African American,NA,NA,NA,NA,NA,black,Associate’s Degree,No
R_3m8faSiyGNQQaSB,610a151c96de07b15f28c8cb,1,359,2,3,4,4,5,3,3,3,5,5,3,5,3,3,4,4,2,4,3,3,5,4,4,4,1,2,4,5,5,5,5,5,4,2,1,4,3,3,2,5,4,3,4,5,5,5,60,Man,NA,Yes,NA,NA,NA,NA,NA,White,NA,NA,White,High School,Yes
R_2uBpOh7fJiwiVL1,6400e78d52d3311f5456d932,1,382,6,6,6,6,6,6,6,6,6,5,2,6,3,6,6,5,5,6,5,6,6,6,6,6,5,4,6,6,6,6,5,5,6,4,2,1,4,5,4,2,3,1,5,6,6,4,31,Man,NA,Yes,NA,NA,NA,NA,NA,White,NA,NA,Caucasian,High School,No
R_1r69Cecv5kOmgjF,5c6efb8565434c0001a483ec,0.899999976,301,2,5,2,2,6,1,1,1,6,5,2,4,3,1,1,2,2,2,1,2,6,2,6,5,2,2,5,5,5,5,5,5,5,1,6,5,2,5,2,5,5,4,6,5,2,5,51,Man,NA,Yes,NA,NA,NA,NA,NA,White,NA,NA,white,High School,No
R_3sBmjNyj1gpEkXy,56ec151f388e1d000a5924d0,0.800000012,328,4,6,6,5,6,4,2,3,4,4,5,2,3,3,3,3,3,3,3,3,4,4,4,5,2,2,4,4,4,5,3,3,4,2,4,3,3,3,2,5,2,3,5,5,4,4,38,Woman,NA,Yes,NA,NA,NA,NA,NA,White,NA,NA,NA,High School,No
R_3j8uYUIPqjpXQIS,5f300bc5ad7a2d42181effbc,1,340,6,6,6,6,6,6,6,6,6,6,2,6,3,1,6,6,5,4,5,4,5,5,5,5,5,4,6,6,5,5,6,6,5,2,3,2,4,6,3,2,2,2,5,5,2,6,41,Woman,NA,Yes,NA,NA,NA,NA,NA,White,NA,NA,NA,High School,No
R_2e99JrpS5MP4MTM,6286642579f3b7c4d3f863c4,0.899999976,294,5,6,4,4,2,5,5,5,5,5,2,5,3,5,6,3,5,5,5,5,5,4,3,5,4,5,5,4,5,6,5,5,5,2,4,4,2,5,2,2,3,2,4,4,4,5,31,Man,NA,Yes,NA,NA,NA,NA,NA,White,NA,NA,NA,Bachelor’s Degree,No
R_bplwoWN3JXQu9Ql,5d215a1bbf7f840019701939,1,213,1,6,3,3,5,1,1,1,4,5,2,5,3,1,3,1,2,1,1,1,5,1,2,6,4,4,5,2,4,4,3,3,5,1,4,6,1,3,1,6,4,3,6,3,1,4,35,Woman,NA,Yes,NA,NA,NA,NA,NA,White,NA,NA,white,Master’s Degree,No
R_OfhPxT244ivu2nD,5fdce42b1976282fd3db47e4,1,244,4,6,4,3,4,5,4,4,4,5,3,6,3,4,4,4,3,3,3,5,5,4,4,4,5,5,3,5,4,6,3,4,5,3,3,3,4,4,2,3,4,3,5,4,4,3,21,Man,NA,Yes,Asian or Asian American,NA,NA,NA,NA,NA,NA,NA,Asian,High School,Prefer not to say
R_Z2W23uh5SoIgEvv,5e0f69380fb798000a199566,0.800000012,264,6,6,6,6,6,6,5,5,6,6,1,6,3,5,6,6,5,6,4,5,6,4,6,6,6,6,4,6,4,5,6,6,6,3,2,1,4,6,5,1,1,1,1,5,5,6,43,Man,NA,No,NA,NA,NA,NA,NA,White,NA,NA,white,Associate’s Degree,No
R_2WNJUyEnuYFBHHV,63b753401eb907a465852f01,0.899999976,190,4,4,4,3,4,4,4,4,4,3,3,4,3,4,4,4,3,4,4,4,5,4,4,4,4,4,4,3,4,3,4,4,4,4,3,3,3,4,3,3,4,3,5,5,4,4,38,Man,NA,Yes,NA,NA,NA,NA,NA,White,NA,NA,White,Bachelor’s Degree,No
R_DNM8NefVJ7Azntn,60fd60e7587e4f2e860338b4,0.899999976,373,5,6,6,6,6,6,6,6,6,6,4,4,3,6,6,6,5,6,4,6,5,6,6,5,4,4,6,6,5,6,4,6,6,3,2,1,4,6,4,2,2,1,3,4,4,4,24,Woman,NA,Yes,NA,NA,NA,NA,NA,White,NA,NA,NA,Bachelor’s Degree,No
R_1fj5D6VQbNHdQMx,610c32cc517bcb160df7156b,0.800000012,317,2,5,1,1,1,2,2,2,5,5,5,3,3,1,1,2,6,2,4,2,5,2,2,5,5,2,4,3,5,5,4,4,5,2,5,5,2,2,2,3,4,3,6,5,5,3,30,Woman,NA,Yes,NA,NA,NA,NA,NA,White,NA,NA,NA,Associate’s Degree,No
R_110BaCrziVvjizR,5e62f732321c5c08db54cca2,0.899999976,731,4,6,6,6,6,6,4,4,6,6,2,4,3,4,6,4,4,4,4,4,5,6,4,5,4,5,6,4,6,6,6,6,6,3,3,2,4,6,4,2,3,2,3,5,6,6,36,Man,NA,Yes,NA,NA,NA,NA,NA,White,NA,NA,NA,High School,I don’t know
R_8elr7RTApBXt3xf,6404a64d880bbe7ceaff2256,0.899999976,340,5,5,4,4,5,4,4,4,5,4,3,5,3,4,4,3,3,1,4,4,5,4,4,4,2,3,NA,5,4,5,2,4,4,2,4,4,2,4,2,5,5,4,5,4,2,3,26,Man,NA,Yes,NA,NA,NA,NA,NA,White,NA,NA,White,Master’s Degree,No
R_31nh8scLbF7VktG,629ac282e5046348cfed0b15,1,521,4,5,4,4,6,3,3,3,6,4,5,4,3,2,3,3,1,3,2,2,5,4,3,4,3,3,4,3,5,4,5,4,5,3,5,6,2,4,2,5,4,2,5,4,4,4,37,Man,NA,Yes,NA,NA,NA,NA,NA,White,NA,NA,Caucasian,Bachelor’s Degree,No
R_emk7pdhFXDLgZA5,60fcf110d2d4a115c136cb90,0.899999976,236,6,6,6,6,6,6,6,5,6,6,2,4,3,4,6,5,5,3,6,6,5,5,5,6,6,4,5,6,5,6,5,4,6,3,4,2,4,6,4,2,2,3,5,4,5,4,23,Woman,NA,Yes,NA,NA,NA,NA,NA,White,NA,NA,White,Bachelor’s Degree,No
R_3NOFbCJzFJD0ELO,6301c3ad615e5e0f5f371624,1,277,5,6,3,4,6,5,5,4,5,5,2,5,3,4,6,6,6,5,5,5,6,5,4,5,5,5,5,5,4,6,5,5,4,4,3,1,6,6,4,5,4,1,1,5,3,3,30,Man,NA,Yes,Asian or Asian American,NA,NA,NA,NA,NA,NA,NA,NA,Bachelor’s Degree,No
R_1dEPb9kjL7X4RzH,5ef517ab79cf2c15b7452eda,0.899999976,394,6,6,6,6,6,6,6,6,5,6,4,6,3,5,4,2,5,5,6,6,5,6,5,5,3,2,6,5,6,6,6,6,6,2,3,3,2,6,3,2,4,3,4,5,6,6,31,Man,NA,Yes,NA,NA,NA,NA,NA,White,NA,NA,NA,Master’s Degree,No
R_3jUp7xMyYBdHpNK,62b081fb6ecd4a2fce654a97,0.899999976,423,5,6,6,5,6,5,4,4,6,6,4,4,3,4,6,4,4,3,4,4,6,6,6,6,4,4,6,6,4,6,6,6,6,4,3,3,4,5,4,1,3,3,4,6,6,6,27,Woman,NA,Yes,NA,NA,NA,NA,NA,White,NA,NA,White,High School,No
R_1GOBL0nDM79qh86,60fc65faaad08e9c5457b082,0.899999976,175,5,6,6,5,6,6,4,4,5,6,2,5,3,4,6,3,5,4,4,4,5,3,5,5,5,3,6,5,5,5,3,5,4,3,3,2,4,5,3,4,4,2,4,5,6,5,21,Woman,NA,Yes,NA,NA,NA,NA,NA,White,NA,NA,NA,Bachelor’s Degree,No
R_2WAtvZJqz0qabn6,61313fad6454dab291dc1256,0.899999976,635,3,6,4,3,1,4,3,3,6,4,2,3,3,3,4,4,2,2,2,2,5,2,5,5,3,4,4,5,6,6,3,4,4,1,4,4,4,3,2,4,5,3,6,4,5,4,50,Woman,NA,Yes,NA,NA,Black or African American,NA,NA,NA,NA,NA,African American m,High School,No
R_3Rr2rDhAlOOG34F,63ed0b439df4b5276f7b7df2,0.899999976,233,1,6,4,6,6,1,1,1,5,6,3,1,3,4,3,2,3,5,2,1,5,1,5,5,2,3,1,5,3,6,4,4,6,1,4,4,1,4,1,4,2,3,4,4,5,1,36,Woman,NA,Yes,NA,NA,NA,NA,NA,White,NA,NA,NA,High School,No
R_2abQb7Tc9oUa3SH,60ff7377316fab2ad5f2a7d4,0.899999976,284,4,6,5,6,5,5,5,4,5,5,3,5,3,5,5,5,5,4,4,4,5,5,4,5,5,5,5,5,4,5,5,5,4,4,3,2,4,5,4,3,3,3,3,5,4,5,24,Man,NA,No,NA,NA,NA,NA,NA,White,NA,NA,White,Bachelor’s Degree,No
R_p9OYNS0nf4M5bjz,55d3586fda14d7000e9531d9,1,568,5,5,4,4,5,5,5,4,5,5,2,4,3,4,5,3,3,2,3,4,5,4,3,5,5,4,5,4,2,5,2,5,2,2,3,2,1,5,2,2,2,2,5,4,4,4,32,Woman,NA,Yes,NA,NA,NA,NA,NA,White,NA,NA,NA,Bachelor’s Degree,No
R_3qloab47pkyrZQz,5c93e410ec114b001641a170,1,402,2,6,3,3,3,3,2,2,5,5,4,4,3,3,NA,3,3,4,3,3,5,3,2,5,4,4,3,4,5,4,4,4,4,3,3,3,4,4,2,4,4,4,5,4,4,4,29,Man,NA,Yes,NA,NA,Black or African American,NA,NA,NA,NA,NA,African American,High School,No
R_3m9mNReT90U10kM,5809006b2a296e0001005451,1,357,4,6,6,6,6,5,3,3,6,5,4,5,3,4,3,1,4,3,2,3,6,4,3,4,4,2,5,4,4,5,4,5,5,3,3,2,4,5,3,5,6,4,6,6,2,4,37,Woman,NA,Yes,NA,NA,NA,NA,NA,White,NA,NA,NA,Associate’s Degree,No
R_0cAuynkvEQ6bBRf,5e3a8aeedc1d57292aea3f22,0.899999976,332,4,5,5,5,5,5,4,5,5,4,4,5,3,5,4,3,3,5,5,5,4,4,5,4,4,2,5,4,5,5,3,5,4,5,3,3,4,4,4,5,5,3,3,5,4,4,30,Man,NA,Yes,NA,NA,NA,NA,NA,White,NA,NA,White,High School,No
R_1IvpGJLUtPJieOu,558965bffdf99b74158d77dd,1,296,4,6,4,2,5,4,5,4,5,2,4,5,3,5,5,3,2,4,3,3,6,5,5,5,4,4,5,5,5,6,2,2,5,3,3,3,4,5,4,2,3,2,3,5,4,2,37,Man,NA,Yes,NA,NA,NA,NA,NA,White,NA,NA,Caucasian,Bachelor’s Degree,No
R_2VJi997ZRHhZQ80,60dcf5bbb02e607c4e96fcb6,1,271,4,6,5,4,6,5,4,3,3,5,2,4,3,4,4,4,3,5,3,2,4,3,5,3,1,1,6,4,6,6,3,3,5,3,3,1,3,5,5,4,4,2,4,6,2,3,33,Man,NA,Yes,NA,NA,NA,NA,NA,White,NA,NA,White,Bachelor’s Degree,No
R_3shxS1fv8wBK8Ye,5ba85b52ce805400013f3955,0.899999976,276,5,5,6,5,6,5,4,4,5,5,3,5,3,4,5,2,5,4,4,4,6,5,5,5,3,3,4,5,6,5,4,6,4,4,2,2,4,5,3,4,2,1,4,5,4,4,34,Man,NA,Yes,Asian or Asian American,NA,NA,NA,NA,White,NA,NA,NA,"Professional Degree (J.D., M.D., etc.)",No
R_3q8WG73JhBJOdQb,6348801ddd19d0c7bfddac73,0.899999976,377,5,6,5,5,5,5,5,5,6,4,4,5,3,3,6,4,5,5,5,5,6,5,5,5,4,5,4,5,5,5,5,5,5,3,3,3,3,4,2,3,4,4,5,5,5,5,76,Woman,NA,Yes,NA,NA,NA,NA,NA,White,NA,NA,NA,High School,No
R_1f8eIdXYmcoKmep,5d563cb2e1e744001613275b,1,342,5,6,4,4,4,6,4,4,6,5,4,3,3,3,4,4,3,3,4,5,5,4,5,5,3,3,4,5,5,4,4,5,2,3,4,3,4,4,2,5,5,2,4,6,4,4,30,Man,NA,Yes,NA,NA,Black or African American,NA,NA,NA,NA,NA,Black,High School,No
R_2XckgOM4UXOWh6I,5fc8a956800c80232e0b7a32,1,261,6,6,6,6,6,6,6,4,6,4,4,4,3,4,6,4,4,4,6,4,6,6,4,5,3,1,4,6,6,6,3,4,6,4,3,4,1,4,3,3,3,5,5,4,4,4,29,Woman,NA,Yes,Asian or Asian American,NA,NA,NA,NA,NA,NA,NA,Chinese,High School,No
R_1FkTzSxZAcuCkA3,6161b1aa789db957a50abd58,1,322,6,6,6,6,6,6,6,6,6,6,1,6,3,6,6,6,6,6,6,6,6,6,6,6,4,5,3,6,6,6,6,6,6,5,1,1,4,6,6,1,1,1,3,6,6,6,21,Woman,NA,Yes,NA,NA,NA,NA,NA,White,NA,NA,NA,High School,No
R_2Qya3oRBErVq4wI,60f739a02be80f8a9108ae3d,1,253,6,6,5,4,4,6,4,6,5,5,3,6,1,6,6,6,6,6,5,5,5,6,6,6,5,6,6,6,6,6,5,5,5,5,1,1,5,5,5,2,6,1,NA,6,6,5,22,Woman,NA,No,NA,NA,NA,NA,NA,NA,NA,Prefer not to say,American indian,Less than High School,No
R_2tnjbLhRvidTlXT,559fa17cfdf99b69c369d364,0.899999976,250,6,6,3,6,6,6,6,6,6,6,1,6,3,6,6,3,6,6,6,6,4,6,4,6,2,3,6,6,6,6,6,6,6,6,1,1,4,6,4,1,1,1,3,5,6,6,52,Man,NA,Yes,NA,NA,NA,NA,NA,White,NA,NA,white,Bachelor’s Degree,No
R_ypSdViowF57UdNv,612e44861dc0709ab9f444ba,0.899999976,430,4,6,6,6,6,5,4,3,6,6,2,6,3,3,3,2,NA,6,4,2,6,4,4,4,2,1,6,4,6,NA,4,5,4,3,2,2,4,6,4,3,3,2,4,4,4,5,32,Man,NA,Yes,NA,NA,NA,NA,NA,White,NA,NA,white,High School,No
R_3CI8y3mtYZegdz7,5b2e9080a8327d0001ffcdac,0.899999976,1127,4,5,2,1,2,4,3,3,5,5,2,4,3,2,1,4,1,4,2,1,5,2,3,4,4,3,4,3,4,4,2,4,4,1,5,5,1,4,1,5,5,4,6,3,1,3,33,Woman,NA,Yes,NA,NA,NA,NA,NA,White,NA,NA,NA,High School,No
R_41uM2Sjngfus9UJ,58c1d1fb8a3f870001c0e34c,1,261,5,6,6,6,6,4,4,5,6,6,2,4,3,4,5,4,4,3,4,4,6,4,4,6,6,6,5,5,6,6,5,4,5,3,3,5,4,5,3,3,3,4,5,5,5,5,29,Woman,NA,Yes,NA,NA,NA,NA,NA,White,NA,NA,NA,Bachelor’s Degree,No
R_3KolEwIzf1q6Ynt,630563d89f23e3ac8a2142e4,0.899999976,444,3,3,4,3,3,4,3,3,5,5,6,4,3,2,3,2,2,3,4,2,6,3,5,5,6,5,5,6,5,5,3,5,4,1,4,5,2,3,2,6,6,5,6,6,5,4,22,Man,NA,Yes,NA,NA,Black or African American,NA,NA,NA,NA,NA,Black,Bachelor’s Degree,Yes
R_bDRCb6BK73oHKOB,64017b47c83e917541f7c592,1,280,6,6,6,6,5,6,6,5,4,6,2,5,3,4,6,3,5,4,4,6,6,6,6,5,3,3,5,6,4,5,6,6,6,3,1,1,5,5,5,2,2,2,4,4,4,5,31,Woman,NA,Yes,NA,NA,NA,Latine or Hispanic,NA,White,NA,NA,white,Master’s Degree,Yes
R_1i4IO5aYOnKvcoH,63deaece57a962469662effc,0.899999976,354,4,6,4,4,6,4,6,3,6,4,3,5,3,4,6,4,4,5,4,4,6,4,5,6,5,4,4,4,6,6,4,4,6,3,4,3,4,5,3,3,2,3,3,6,4,6,37,Woman,NA,Yes,Asian or Asian American,NA,NA,Latine or Hispanic,NA,NA,NA,NA,"Multiracial; THANK YOU for using ""Latine"" and not ""Latinx!""",Bachelor’s Degree,No
R_Q4lfBXZAGZRkpmV,5c94fd48c97725001643db15,1,318,4,5,5,5,5,5,4,5,5,5,2,4,3,4,5,5,5,5,4,5,5,5,5,5,5,5,5,5,5,4,5,5,5,3,2,3,3,5,4,2,2,3,3,3,5,5,26,Woman,NA,Yes,NA,NA,NA,NA,NA,White,NA,NA,NA,Bachelor’s Degree,No
R_1f9IJ1xA61fw2rA,5cd730e9e8397d0001045e65,0.899999976,299,5,5,5,5,5,5,5,5,5,4,3,4,3,4,5,4,4,4,5,5,5,5,5,4,3,3,4,5,3,6,5,5,5,4,3,2,4,4,4,3,3,2,3,6,4,4,41,Woman,NA,Yes,NA,NA,NA,NA,NA,White,NA,NA,NA,High School,No
R_1dGqip1cD3G8hIo,63d15786c6072d713438b806,0.899999976,298,4,5,5,4,5,5,5,4,5,5,3,5,3,4,5,4,4,4,4,4,4,4,5,5,5,5,5,4,5,4,5,5,4,3,3,3,3,5,4,3,3,3,4,4,3,5,40,Woman,NA,Yes,NA,NA,NA,NA,NA,White,NA,NA,NA,Bachelor’s Degree,No
R_3gMmLXQMGKHTWT3,64d6ce5da504fd69ac11e7c4,0.899999976,267,5,5,4,5,3,5,1,1,5,4,4,4,5,1,5,4,4,5,NA,4,4,4,4,4,6,5,1,1,4,5,5,4,5,4,4,4,4,5,5,4,6,6,5,5,5,1,50,Man,NA,Yes,NA,NA,Black or African American,NA,NA,NA,NA,NA,NA,Bachelor’s Degree,No
R_bIu8o1ReSJaEtAl,60fcc00af3ec0d2d4b95c4be,0.800000012,431,5,6,6,6,6,6,5,5,6,6,2,6,3,4,6,5,5,5,5,5,3,6,6,5,6,5,6,6,5,6,5,5,6,4,1,1,4,5,4,4,5,1,4,6,3,5,27,Woman,NA,Yes,NA,NA,NA,NA,NA,White,NA,NA,Caucasian,Bachelor’s Degree,No
R_30cpghRCFsZBx15,59438be336b8f40001de0826,1,326,5,6,5,5,5,4,6,NA,6,6,1,5,3,5,5,6,3,6,6,6,5,6,5,4,6,5,6,5,4,6,4,3,4,5,2,1,4,6,5,1,3,1,4,6,5,4,36,Man,NA,Yes,NA,NA,NA,NA,NA,White,NA,NA,Caucasian,Bachelor’s Degree,No
R_5vSkMyXEzfv1q9z,5efaffccf90911000c95a3cb,0.899999976,1312,4,6,5,4,6,4,6,4,5,2,5,3,3,2,5,3,1,4,4,4,6,5,4,5,2,4,4,5,6,6,2,4,5,2,4,5,2,5,2,4,4,5,6,NA,5,5,32,Man,NA,Yes,NA,NA,NA,NA,NA,White,NA,NA,White,Bachelor’s Degree,No
R_2obUyLfV9lgsZdD,5da8b26395be5f0017360ad5,1,256,2,5,5,5,5,5,5,3,5,5,5,5,3,3,5,2,3,2,3,3,2,3,5,3,NA,3,2,5,4,4,4,4,4,3,2,2,2,5,3,2,2,2,5,5,3,5,43,Woman,NA,Yes,NA,NA,NA,NA,NA,White,NA,NA,white,High School,No
R_2TQKX0FvYt85cFI,650459baad525fd3fc73958d,1,491,5,6,6,6,6,4,5,4,5,6,5,6,3,3,5,2,2,4,5,2,6,4,4,5,4,3,6,4,5,5,5,5,6,3,2,4,2,5,4,3,3,2,5,6,5,6,40,Woman,NA,Yes,NA,NA,NA,NA,NA,White,NA,NA,NA,High School,No
R_22Rn5TCXJLzUJBs,632f09dfbcfe2edefdae1447,0.400000006,915,4,5,3,3,4,5,5,4,4,4,5,4,3,3,4,3,3,4,4,3,4,5,4,5,4,3,5,5,4,4,3,4,4,5,5,3,5,4,5,3,4,3,4,4,4,4,32,Man,NA,Yes,Asian or Asian American,NA,NA,NA,NA,NA,NA,NA,Chinese,Bachelor’s Degree,No
R_1FrXvFD31neiZF4,62e02c79a168409c22dc09cb,0.899999976,200,5,6,6,6,6,6,5,4,5,4,5,5,3,5,5,4,3,5,4,6,5,5,5,6,6,6,4,5,6,5,5,5,4,4,2,3,4,5,4,2,3,2,5,6,2,5,28,Woman,NA,Yes,Asian or Asian American,NA,NA,NA,NA,NA,NA,NA,Asian,Bachelor’s Degree,No
R_2dyAHiKHFUyX9RR,5bf28a086d4c3e00014410f7,0.899999976,463,4,5,5,5,5,5,5,5,4,4,3,NA,3,5,4,4,3,5,3,5,4,4,4,4,4,4,6,5,4,4,4,4,3,5,2,3,5,4,4,4,5,2,3,5,3,4,23,Man,NA,Yes,NA,NA,Black or African American,NA,NA,NA,NA,NA,NA,High School,No
R_9uEPtsywH3pAHkJ,59b0106d834a170001d6061c,0.899999976,166,6,6,6,6,6,6,6,6,6,6,1,6,3,6,6,6,6,6,6,6,5,6,6,6,6,6,6,6,5,6,6,6,6,5,2,1,4,6,6,3,4,2,4,5,2,6,39,Woman,NA,Yes,NA,NA,NA,NA,NA,White,NA,NA,NA,Bachelor’s Degree,No
R_3PMPAnVHR38IVVT,5bd9f569eb22f2000183df4e,0.899999976,705,6,6,5,4,5,5,5,5,6,5,3,5,3,5,4,4,2,4,5,6,5,5,5,6,5,5,5,5,4,5,5,4,5,3,2,3,3,5,3,2,2,3,4,4,5,5,47,Woman,NA,Yes,NA,NA,NA,NA,NA,White,NA,NA,NA,Master’s Degree,No
R_3Rx4VYJLM15GBZX,5df3512f6552ef236f57ed05,1,236,4,6,5,4,5,5,4,4,6,4,4,4,3,5,4,4,5,5,4,4,6,5,4,5,5,4,6,5,5,4,5,4,3,4,2,2,4,5,3,3,3,2,3,6,5,2,40,Woman,NA,Yes,NA,NA,NA,NA,NA,White,NA,NA,White,High School,No
R_bwHnDYrkJNGnbCp,5d092069fb1a540001dd5028,0.899999976,419,6,6,6,5,6,6,6,4,6,6,1,5,3,3,6,5,3,3,6,3,6,4,5,6,6,6,6,6,6,6,3,6,5,2,1,2,2,6,3,2,2,1,5,4,3,6,28,Woman,NA,Yes,NA,NA,NA,NA,NA,White,NA,NA,White,Bachelor’s Degree,No
R_1gwG8CfhuQgwxDs,59f66d8f7086f8000194141c,1,254,6,6,6,6,6,6,6,6,6,6,1,5,3,6,6,6,6,6,6,NA,6,6,6,6,6,6,6,6,4,6,6,5,6,6,1,2,5,6,5,2,2,2,5,6,4,6,23,Non-binary,NA,No,NA,NA,NA,NA,NA,White,NA,NA,Ashkenazi Jewish,High School,No
R_1ihbXKdGjB2jSHj,60bfa70dc02807c74e0277c7,0.899999976,230,5,6,6,5,5,5,5,5,6,6,3,6,3,5,5,4,6,4,4,4,4,4,6,5,5,4,4,5,5,5,5,5,6,2,2,2,2,5,2,1,2,1,6,6,4,4,46,Woman,NA,Yes,NA,NA,NA,NA,NA,White,NA,NA,NA,High School,No
R_1ghVS8GlgEpwlb8,5bcbf798f039b50001603a25,1,934,5,5,5,5,5,5,5,5,4,4,2,4,3,4,3,2,4,4,4,5,5,4,5,5,2,2,5,6,5,5,5,5,5,5,3,2,3,4,3,2,3,1,4,5,3,4,54,Man,NA,Yes,NA,NA,NA,NA,NA,White,NA,NA,White,High School,No
R_3R8VDD1eY5bq2Z8,65084d50eb68bfefb48ceb6e,0.899999976,458,5,6,3,3,5,5,4,4,4,5,4,4,3,4,3,1,2,4,4,2,5,5,5,4,3,2,5,5,5,3,4,4,4,5,2,3,4,4,2,5,4,2,5,5,2,4,24,Man,NA,Yes,Asian or Asian American,NA,NA,NA,NA,NA,NA,NA,Indian,Bachelor’s Degree,No
R_2b47hwRLJn7Bn9X,60fe48d0931d320729919d72,1,359,4,6,5,4,6,6,4,4,6,2,4,6,3,3,3,4,2,3,4,2,6,5,5,4,6,3,5,5,6,6,3,5,5,2,3,5,3,5,1,4,4,4,6,6,3,3,20,Woman,NA,Yes,Asian or Asian American,NA,NA,NA,NA,NA,NA,NA,asian,High School,No
R_24qOvgztjay2rkd,5f4a971213fe2f6397c963b9,0.899999976,252,5,6,6,6,6,6,6,6,6,6,2,5,3,2,5,3,4,5,5,6,6,4,5,6,6,5,5,6,6,6,4,5,5,1,1,2,5,5,1,2,2,2,6,5,5,6,37,Woman,NA,Yes,NA,NA,NA,NA,NA,White,NA,NA,white,"Doctorate Degree (PhD, PsyD, etc.)",No
R_Oydp1T0Qnq2RFwB,650afaaa0f4ea7d481992ebb,1,376,6,6,6,6,6,6,5,5,6,6,2,6,3,5,6,4,5,5,5,5,5,6,6,6,6,6,6,6,6,5,6,6,5,2,3,3,2,6,2,3,5,3,3,5,6,5,25,Man,NA,No,NA,NA,Black or African American,NA,NA,White,NA,NA,Bi-racial,Bachelor’s Degree,No
R_78aWLfV2bvscOqJ,61085c364bbc4cf358dfb1a4,0.899999976,570,2,6,5,5,6,2,2,1,5,5,2,3,3,1,2,4,3,1,1,3,5,2,4,4,2,4,1,4,4,6,2,2,3,2,5,5,2,4,2,5,3,4,5,5,4,3,NA,Woman,NA,Yes,NA,NA,NA,Latine or Hispanic,NA,NA,NA,NA,NA,High School,No
R_23ZSwVccDgl6zhF,5dd1df8fb48da3240ca85c45,0.899999976,348,3,3,5,5,5,2,3,2,5,4,4,4,3,1,3,2,2,3,2,4,5,3,2,4,2,4,4,5,5,4,4,3,4,2,2,4,1,3,2,4,5,5,5,5,6,4,48,Woman,NA,Yes,NA,NA,NA,NA,NA,White,NA,NA,white,High School,Yes
R_3imdiZF9Wp2Aq8w,5a9b7272f05361000171feef,0.899999976,630,1,6,1,1,1,1,1,1,6,6,6,6,3,1,1,1,1,1,1,1,6,1,1,6,6,1,6,6,1,6,1,6,6,1,1,6,1,1,1,6,6,3,6,6,6,6,58,Woman,NA,Yes,NA,NA,Black or African American,NA,NA,NA,NA,NA,African-American,Associate’s Degree,No
R_1pT1EBU1ab1yyme,5de84ccaeddfc97c4eed1f5d,0.800000012,435,3,6,2,3,5,2,2,2,5,3,3,3,3,3,3,3,2,2,2,2,4,2,4,4,4,2,3,5,4,4,4,4,4,2,4,4,2,4,1,5,5,3,5,4,2,2,35,Man,NA,Yes,NA,NA,NA,NA,NA,White,NA,NA,White/ American,Bachelor’s Degree,No
R_phCPgXtwevfZgaJ,5a6e5b8a0384310001948ab4,0.899999976,2735,4,6,5,6,6,5,5,4,5,5,3,5,3,5,4,4,5,5,5,4,4,5,4,5,4,4,5,5,5,5,5,5,4,4,1,2,4,5,4,3,2,2,2,5,6,4,33,Woman,NA,Yes,NA,NA,NA,NA,NA,White,NA,NA,NA,High School,Yes
R_2RUPah9RxRI7Yga,6168a697ae9f4d8dcfada29b,1,1265,6,6,6,6,6,6,6,5,6,5,2,6,3,5,6,6,4,4,5,4,6,6,6,6,6,6,6,6,5,6,6,6,6,2,1,3,5,6,4,4,3,2,2,4,4,6,31,Woman,NA,Yes,NA,NA,NA,NA,NA,White,NA,NA,NA,Master’s Degree,No
R_1EiHpDgKImsOGvO,5eefd49782f2ec0f23723781,0.800000012,717,6,6,6,6,6,6,6,6,6,6,2,6,3,2,4,5,2,4,6,4,4,5,6,5,5,5,6,6,6,6,5,6,6,2,1,2,4,6,2,4,3,2,4,6,4,5,46,Man,NA,Yes,NA,NA,NA,NA,NA,White,NA,NA,I’m a white guy with Irish ancestors,Master’s Degree,No
R_2Y3NyyyXfJNNo4P,63d446703e49e811c820bb7b,0.800000012,351,5,5,5,4,5,5,5,5,5,5,2,5,3,3,5,4,5,5,5,5,3,5,5,5,5,4,5,5,2,5,3,4,4,3,2,2,4,5,3,3,4,2,4,5,5,3,37,Man,NA,Yes,NA,NA,NA,NA,NA,White,NA,NA,NA,Bachelor’s Degree,No
R_33DULQyGy8Dy34W,5c92a055886f470015b76c5b,0.800000012,435,4,6,6,3,6,4,4,2,6,6,6,5,3,4,2,4,6,1,1,1,6,2,6,5,3,2,5,3,5,5,6,6,6,1,3,6,1,4,1,5,4,3,6,6,5,4,35,Woman,NA,Yes,NA,NA,NA,NA,NA,White,NA,NA,White,Bachelor’s Degree,No
R_3Jydn6Q2o2fMhl8,61bb389140db417c1a138ca1,0.899999976,430,4,6,6,6,6,6,4,4,6,5,2,4,3,3,5,5,3,4,4,4,5,5,4,4,4,3,4,4,5,5,4,4,4,4,3,2,3,4,3,2,4,2,3,5,3,4,24,Prefer to self-describe,Fluid,Prefer not to say,NA,NA,NA,NA,NA,White,NA,NA,NA,High School,No
R_1K1mLUtVWgePD1C,63e58368bd07dd1ddd2f2d08,0.899999976,432,4,6,6,6,6,5,5,4,3,5,1,3,3,4,6,4,1,4,4,5,6,4,5,5,5,6,5,5,5,5,5,5,6,5,1,2,4,5,3,5,6,2,5,5,5,2,46,Woman,NA,Yes,NA,NA,NA,NA,NA,White,NA,NA,NA,Associate’s Degree,No
R_1C3YuQqJ1Z0oQgv,633e327052bcc8b44d6e0d2c,1,596,4,6,4,3,5,3,4,3,6,4,4,3,3,3,3,5,1,2,3,4,5,4,3,5,2,3,4,2,4,2,2,5,4,1,2,5,4,4,4,5,4,2,4,5,2,3,54,Man,NA,Yes,NA,NA,NA,NA,NA,White,NA,NA,White American,Associate’s Degree,No
R_vpfAHOHO5hUeEzT,5966886dee2508000108b02c,1,465,6,6,6,6,6,6,6,6,6,6,1,6,3,6,6,6,6,6,6,6,6,6,6,6,6,5,6,6,6,6,6,6,6,5,1,1,6,6,5,1,6,3,4,6,6,6,34,Woman,NA,Yes,NA,NA,NA,NA,NA,White,NA,NA,NA,High School,No
R_3nDyEn02HXNkQXj,642afe1d5b7b12b5f157d6c6,1,732,4,6,4,4,6,4,4,3,6,6,4,4,3,3,3,1,2,3,1,3,5,2,5,6,4,4,4,5,6,6,4,4,6,1,4,3,1,4,3,4,4,3,6,5,4,4,46,Man,NA,Yes,NA,NA,NA,NA,"Indigenous, Aboriginal, or First Nations",White,NA,NA,Native American,Master’s Degree,No
R_5bwL7sXf8okoPrH,5b269ee734ffd00001b4549f,0.899999976,594,1,6,2,2,2,1,4,1,6,6,6,5,3,1,1,1,1,1,1,2,6,1,4,5,1,1,4,4,6,4,1,1,6,1,6,6,1,4,1,6,4,4,6,6,4,5,43,Man,NA,Yes,NA,NA,NA,NA,NA,White,NA,NA,Caucasian,High School,No
R_2t3CrVQU8q1hAEP,615c9083ffc1ce3be0325609,1,682,4,6,5,5,5,5,5,4,5,5,4,5,3,2,3,4,2,2,4,3,5,4,5,5,4,4,3,4,5,5,5,4,5,2,2,2,3,4,2,2,3,2,5,5,3,5,35,Man,NA,Yes,NA,NA,NA,Latine or Hispanic,NA,NA,NA,NA,Latino,High School,No
R_32XAzK6mFu5KAfO,64139f74c36da8c35b846024,0.899999976,674,3,5,3,3,5,3,1,1,6,4,4,3,3,3,3,2,1,2,1,1,5,1,5,4,1,1,5,2,6,6,3,2,6,1,3,6,1,4,1,5,5,3,6,4,1,3,32,Man,NA,Yes,NA,NA,NA,NA,NA,White,NA,NA,White,High School,No
R_2EazYHFa3B6BA4t,6439425499e2ce910aa4567f,0.899999976,978,5,5,4,3,3,3,5,4,5,6,4,5,3,4,4,4,2,5,6,4,4,5,4,5,3,4,5,4,6,5,4,4,4,2,3,5,5,5,4,4,5,3,4,5,1,4,NA,NA,NA,NA,NA,NA,NA,NA,NA,White,NA,NA,White,"Professional Degree (J.D., M.D., etc.)",No
R_5nkmn8ufB4AsiQ1,60fed8cc5550124f8935f7b0,1,524,2,5,2,NA,2,4,4,2,5,5,4,2,3,2,3,3,4,5,3,5,4,5,5,4,3,3,6,5,5,3,4,4,4,5,2,3,5,4,4,4,4,2,2,5,3,2,26,Woman,NA,Yes,NA,NA,NA,NA,NA,White,NA,NA,NA,Associate’s Degree,No
R_1lsFFd6to23aANc,65254790f0aa171541706462,0.899999976,745,6,6,6,6,6,6,6,4,6,6,3,4,3,6,5,4,6,5,4,4,5,6,5,5,5,4,6,5,5,5,6,6,5,3,4,1,2,5,1,2,4,1,5,6,2,3,67,Man,NA,Yes,NA,NA,NA,NA,NA,White,NA,NA,white male,Master’s Degree,No
R_3F5piPUb0L1LA5g,55a44167fdf99b12b371c88c,0.899999976,1441,4,5,4,4,4,4,6,4,4,4,3,5,3,5,4,4,4,4,4,4,5,4,4,5,4,5,5,5,6,4,5,4,5,3,3,1,4,4,4,1,2,2,2,5,5,4,27,Man,NA,Yes,NA,NA,Black or African American,NA,NA,NA,NA,NA,Caribbean/African American,High School,No
R_XAj4COkTfYPOWOt,642f61481e01b1f9e29cff4b,1,536,6,6,6,6,6,6,6,6,6,6,1,6,3,6,6,3,6,4,6,6,6,6,6,6,1,1,1,6,6,6,4,4,6,4,1,1,4,6,1,1,1,1,6,6,6,6,57,Woman,NA,Yes,NA,NA,NA,NA,NA,White,NA,NA,white,Other option not represented here,No
R_1K9gk8itt1is0U1,60885d559ca52f07dd234260,1,1101,3,6,4,4,6,4,3,2,6,6,1,1,3,1,1,2,1,4,1,4,6,2,6,6,1,1,2,6,6,6,4,4,6,1,1,4,2,3,2,3,3,1,5,6,1,4,51,Man,NA,Yes,NA,NA,NA,NA,NA,White,NA,NA,NA,Bachelor’s Degree,No
R_3nHQtwlM4gqxfmo,60b8d294c3007957fb5b9965,0.899999976,973,3,5,5,5,6,3,5,5,5,4,4,4,3,3,3,5,3,4,3,3,5,4,4,5,4,4,5,5,5,5,4,4,5,3,3,4,3,4,3,4,5,3,3,3,5,5,27,Woman,NA,Yes,NA,NA,NA,NA,NA,White,NA,NA,White,High School,No
R_331IDgGSqyvBJ7k,64d83a3be4c1a9255e4b5c94,0.400000006,805,4,2,4,2,6,4,2,1,3,6,1,4,3,6,3,6,5,6,2,5,4,6,6,6,4,1,6,6,5,5,4,4,6,6,1,1,6,2,6,3,4,1,1,6,4,5,51,Man,NA,Yes,NA,NA,Black or African American,NA,NA,NA,NA,NA,NA,Bachelor’s Degree,No
R_3D2D9xo9URMAA9s,602b456e7cdd702772f52e13,0.899999976,629,4,4,2,4,4,3,3,3,6,4,5,4,3,2,5,3,1,4,2,3,6,5,5,4,3,2,5,5,6,4,4,4,5,3,4,5,2,5,1,1,4,2,6,4,4,5,45,Man,NA,Yes,NA,NA,NA,Latine or Hispanic,NA,NA,NA,NA,NA,High School,Yes
R_7VblLzO0jgZ6fER,5c8f224c9d2bff0001867ce2,0.899999976,2325,4,2,1,3,5,4,1,2,5,3,4,4,3,1,1,5,1,1,1,1,4,3,4,1,1,1,4,3,5,6,3,3,5,2,2,5,1,5,1,2,1,5,5,4,3,1,38,Man,NA,Yes,NA,NA,NA,NA,NA,White,NA,NA,NA,Bachelor’s Degree,No
R_1puFEmEImFRCZwc,65038b836dccb51df37ad205,0.899999976,666,4,6,3,3,4,3,4,4,6,3,4,4,3,3,5,4,3,4,4,3,4,5,5,3,2,2,2,5,4,6,4,4,2,2,3,3,4,3,2,3,4,3,3,5,2,3,56,Woman,NA,Yes,NA,NA,Black or African American,NA,NA,NA,NA,NA,NA,Associate’s Degree,No
R_3jcYMmTpdR7saH6,5c3282eb47817b0001581512,1,1505,2,6,4,5,5,4,4,3,6,4,4,5,3,3,4,3,3,5,4,2,5,4,4,6,4,4,5,4,6,5,4,4,4,3,4,3,4,4,3,4,4,4,4,6,2,5,35,Man,NA,Yes,NA,NA,Black or African American,NA,NA,NA,NA,NA,Black,High School,No
R_1f8EHplKI2v4vTb,5e4e844553bc702cdf68404d,1,1485,5,6,4,4,2,5,3,4,5,5,2,5,3,4,5,3,4,2,2,5,5,2,4,5,4,2,4,5,5,5,3,6,5,1,4,2,2,5,4,4,5,2,4,5,5,3,24,Woman,NA,Yes,NA,NA,Black or African American,NA,"Indigenous, Aboriginal, or First Nations",NA,NA,NA,NA,High School,No
R_beWPikHr54HW9tT,5f01b9892b6ad501d933a117,0.899999976,1648,4,6,4,4,6,4,4,1,6,6,1,4,3,1,3,1,1,1,1,1,6,1,5,6,5,5,1,4,6,6,6,6,6,1,4,6,1,6,1,6,4,6,6,6,6,4,48,Woman,NA,Yes,NA,NA,NA,NA,NA,NA,Prefer to self-describe,NA,Pacific Islander & Asian,Bachelor’s Degree,No
R_33pS1a0Sq0lyEfs,5d30c1a3bb673e00016b0520,0.899999976,2132,6,6,6,5,6,5,6,6,5,5,1,3,3,5,6,5,4,5,5,4,5,6,6,5,5,2,4,6,5,6,5,5,4,6,1,2,5,5,4,2,2,1,4,6,5,6,44,Woman,NA,Yes,NA,NA,NA,NA,NA,White,NA,NA,American,Bachelor’s Degree,No
R_2w6OidMclKMdHse,62c4f82ca86e047e4e1df9b1,0.899999976,2133,4,6,6,6,6,6,5,6,6,6,2,6,3,4,5,2,5,5,4,6,6,5,5,2,1,2,6,5,6,5,5,6,5,4,1,3,4,5,3,2,3,3,5,5,4,6,NA,Woman,NA,Yes,NA,NA,NA,NA,NA,White,NA,NA,NA,High School,Yes
R_1ly3sjqsCl2K9pz,6168b61ad8c0d63b37a92109,1,196,4,5,4,4,4,4,4,4,4,4,3,4,3,4,4,3,3,4,4,4,4,4,4,NA,4,4,4,4,4,4,4,4,4,4,3,3,4,4,4,4,4,3,3,4,3,4,29,Man,NA,Yes,Asian or Asian American,NA,NA,NA,NA,NA,NA,NA,Asian,Bachelor’s Degree,No
R_RwaEnh8DWyI8Fzz,63d146c88597c3187abf69b3,0.800000012,1517,5,5,4,3,3,4,2,3,5,4,3,4,3,3,4,2,1,2,5,3,5,2,5,5,3,4,4,5,5,4,4,5,4,1,4,4,2,4,2,4,3,2,6,5,3,4,26,Man,NA,Yes,NA,NA,NA,NA,NA,White,NA,NA,NA,Master’s Degree,No
R_WuoUoEHZ2kaOiUp,603bef3bffe72f8b0a6b55c4,0.899999976,2245,5,6,5,5,6,6,5,5,5,3,4,5,3,5,5,3,5,6,4,5,5,5,4,5,4,4,6,6,4,4,4,4,6,5,3,1,4,4,3,3,3,3,3,6,5,5,28,Man,NA,Yes,NA,NA,NA,NA,NA,White,NA,NA,white,High School,No
R_b4amO2BL9ITEPSN,60de6eaecf5d59c0e0670050,0.899999976,2613,5,5,4,4,4,4,4,4,4,4,5,4,3,4,4,3,4,4,4,4,5,4,3,5,4,3,4,4,4,4,4,3,4,3,4,3,4,5,4,4,4,3,3,4,3,4,39,Man,NA,Yes,Asian or Asian American,NA,NA,NA,NA,NA,NA,NA,Chinese American,"Doctorate Degree (PhD, PsyD, etc.)",No
R_3pmMso9mlwy1ThM,578e6c599bd3d70001e5057f,1,3222,2,6,5,4,5,4,3,3,6,6,2,4,3,3,3,4,2,3,2,3,5,4,2,6,3,3,5,3,5,5,4,4,5,4,4,4,3,5,3,3,3,2,5,4,3,5,27,Man,NA,Yes,Asian or Asian American,NA,NA,NA,NA,NA,NA,NA,Asian-American,Master’s Degree,No
R_1oItn1hnJLwlqii,585aefed73f2620001c21d75,0.800000012,470,6,6,6,6,6,6,6,6,6,6,1,6,3,6,6,1,2,6,6,6,6,6,6,1,1,1,6,6,6,6,2,3,6,1,6,5,1,6,2,3,3,4,6,6,1,6,28,Man,NA,Yes,NA,NA,NA,NA,NA,White,NA,NA,White,High School,Yes
R_bdSWqSx5FwkVjcl,62dc24fa35bc6caa02048e3e,0.899999976,229,4,4,5,4,4,4,3,3,3,4,3,5,3,4,4,3,4,4,3,4,5,4,3,5,3,3,5,3,4,3,3,3,4,4,3,3,4,4,3,4,3,3,4,5,4,4,43,Man,NA,Yes,NA,NA,NA,NA,NA,White,NA,NA,NA,Bachelor’s Degree,No
R_yywD8cXyfRZxQnT,5bbd033261968f0001f02bac,1,392,1,6,3,3,4,3,2,2,5,4,3,5,3,2,4,1,1,1,1,1,6,2,2,5,4,4,4,3,3,4,4,5,4,2,3,6,2,3,1,4,5,3,6,3,1,4,39,Woman,NA,Yes,NA,NA,NA,NA,NA,White,NA,NA,NA,Master’s Degree,No
R_2xJonwDooHZagZG,63cef7a6faef5bdf3066bb02,0.899999976,48021,2,5,4,4,4,4,3,3,4,2,1,3,3,2,2,6,2,1,4,3,2,4,4,5,2,3,2,4,6,5,1,2,4,5,5,6,1,4,1,5,4,2,6,2,4,2,50,Man,NA,Yes,NA,NA,Black or African American,NA,NA,NA,NA,NA,I dont mind been decribe in ethnic or racial term so long as it is derogatory,Bachelor’s Degree,No
